Date,Hour,Hostel_Block,Students,Water_Usage,Leakage_Percentage
2026-05-01,0,Block_1,450,78.76,6.12
2026-05-01,0,Block_2,310,79.38,1.14
2026-05-01,0,Block_3,473,51.44,1.01
2026-05-01,0,Block_4,367,82.44,3.56
2026-05-01,0,Block_5,354,113.85,5.33
2026-05-01,0,Block_6,486,51.31,5.76
2026-05-01,0,Block_7,453,75.99,7.64
2026-05-01,0,Block_8,443,103.17,1.24
2026-05-01,0,Block_9,229,89.18,5.64
2026-05-01,0,Block_10,489,30.0,1.22
2026-05-01,0,Block_11,397,80.97,4.15
2026-05-01,0,Block_12,450,93.57,1.62
2026-05-01,0,Block_13,475,116.27,6.91
2026-05-01,0,Block_14,396,105.84,2.97
2026-05-01,0,Block_15,336,76.46,6.62
2026-05-01,1,Block_1,318,124.23,2.39
2026-05-01,1,Block_2,342,70.97,6.53
2026-05-01,1,Block_3,207,93.47,7.04
2026-05-01,1,Block_4,212,38.87,1.44
2026-05-01,1,Block_5,393,69.08,7.21
2026-05-01,1,Block_6,406,133.46,1.84
2026-05-01,1,Block_7,462,78.91,4.66
2026-05-01,1,Block_8,221,67.01,4.08
2026-05-01,1,Block_9,275,98.73,5.87
2026-05-01,1,Block_10,410,56.21,3.87
2026-05-01,1,Block_11,366,95.87,5.86
2026-05-01,1,Block_12,245,64.79,5.37
2026-05-01,1,Block_13,207,70.68,2.53
2026-05-01,1,Block_14,307,72.81,6.65
2026-05-01,1,Block_15,462,63.46,3.99
2026-05-01,2,Block_1,377,30.0,4.58
2026-05-01,2,Block_2,413,91.59,3.36
2026-05-01,2,Block_3,339,89.14,4.63
2026-05-01,2,Block_4,231,135.08,2.73
2026-05-01,2,Block_5,292,86.71,2.04
2026-05-01,2,Block_6,305,56.9,2.01
2026-05-01,2,Block_7,397,108.35,7.9
2026-05-01,2,Block_8,302,82.0,2.7
2026-05-01,2,Block_9,459,86.09,4.29
2026-05-01,2,Block_10,276,69.34,2.06
2026-05-01,2,Block_11,438,76.99,5.14
2026-05-01,2,Block_12,307,102.37,4.62
2026-05-01,2,Block_13,446,42.87,3.39
2026-05-01,2,Block_14,291,76.12,4.89
2026-05-01,2,Block_15,181,110.26,7.97
2026-05-01,3,Block_1,188,91.03,2.95
2026-05-01,3,Block_2,483,62.29,6.93
2026-05-01,3,Block_3,295,103.31,1.59
2026-05-01,3,Block_4,283,88.5,5.25
2026-05-01,3,Block_5,342,78.66,5.56
2026-05-01,3,Block_6,340,63.4,1.13
2026-05-01,3,Block_7,314,56.49,6.05
2026-05-01,3,Block_8,355,54.6,1.66
2026-05-01,3,Block_9,217,63.56,7.85
2026-05-01,3,Block_10,443,100.26,5.42
2026-05-01,3,Block_11,496,106.07,4.49
2026-05-01,3,Block_12,214,30.0,6.38
2026-05-01,3,Block_13,278,50.14,6.23
2026-05-01,3,Block_14,459,128.38,3.32
2026-05-01,3,Block_15,295,139.93,3.06
2026-05-01,4,Block_1,340,85.28,3.22
2026-05-01,4,Block_2,237,78.09,7.51
2026-05-01,4,Block_3,459,72.05,2.46
2026-05-01,4,Block_4,452,103.79,6.94
2026-05-01,4,Block_5,478,30.0,5.96
2026-05-01,4,Block_6,485,84.35,7.07
2026-05-01,4,Block_7,495,90.75,4.58
2026-05-01,4,Block_8,443,114.15,5.91
2026-05-01,4,Block_9,321,41.95,7.23
2026-05-01,4,Block_10,467,84.98,5.05
2026-05-01,4,Block_11,332,91.74,2.09
2026-05-01,4,Block_12,450,102.91,3.52
2026-05-01,4,Block_13,280,94.69,4.66
2026-05-01,4,Block_14,282,67.59,1.6
2026-05-01,4,Block_15,490,69.84,1.97
2026-05-01,5,Block_1,408,267.19,2.29
2026-05-01,5,Block_2,458,303.63,4.0
2026-05-01,5,Block_3,180,374.14,4.1
2026-05-01,5,Block_4,305,350.42,1.66
2026-05-01,5,Block_5,248,485.9,5.28
2026-05-01,5,Block_6,255,430.4,4.96
2026-05-01,5,Block_7,273,290.73,6.99
2026-05-01,5,Block_8,383,459.98,1.12
2026-05-01,5,Block_9,468,361.0,4.25
2026-05-01,5,Block_10,202,350.04,1.34
2026-05-01,5,Block_11,183,333.12,5.31
2026-05-01,5,Block_12,426,335.88,7.61
2026-05-01,5,Block_13,331,351.52,5.74
2026-05-01,5,Block_14,212,425.74,4.21
2026-05-01,5,Block_15,244,317.42,7.73
2026-05-01,6,Block_1,222,313.27,2.37
2026-05-01,6,Block_2,272,261.15,6.91
2026-05-01,6,Block_3,294,346.14,2.97
2026-05-01,6,Block_4,396,310.14,6.62
2026-05-01,6,Block_5,371,400.7,5.03
2026-05-01,6,Block_6,331,352.66,7.07
2026-05-01,6,Block_7,447,302.51,4.0
2026-05-01,6,Block_8,465,370.27,7.32
2026-05-01,6,Block_9,263,324.64,6.79
2026-05-01,6,Block_10,279,419.79,1.08
2026-05-01,6,Block_11,255,398.07,3.48
2026-05-01,6,Block_12,323,306.35,4.14
2026-05-01,6,Block_13,204,341.15,4.88
2026-05-01,6,Block_14,221,434.99,7.82
2026-05-01,6,Block_15,402,397.49,1.39
2026-05-01,7,Block_1,325,357.51,7.78
2026-05-01,7,Block_2,253,259.11,6.86
2026-05-01,7,Block_3,320,424.2,2.56
2026-05-01,7,Block_4,462,409.09,5.94
2026-05-01,7,Block_5,396,310.45,5.14
2026-05-01,7,Block_6,249,238.21,5.96
2026-05-01,7,Block_7,270,408.97,2.74
2026-05-01,7,Block_8,218,256.52,4.04
2026-05-01,7,Block_9,237,345.16,6.19
2026-05-01,7,Block_10,496,465.8,6.76
2026-05-01,7,Block_11,369,363.67,3.8
2026-05-01,7,Block_12,491,389.18,4.7
2026-05-01,7,Block_13,339,416.27,4.89
2026-05-01,7,Block_14,328,312.87,1.3
2026-05-01,7,Block_15,226,412.67,5.41
2026-05-01,8,Block_1,322,287.01,4.18
2026-05-01,8,Block_2,191,429.32,7.71
2026-05-01,8,Block_3,335,274.25,3.35
2026-05-01,8,Block_4,365,364.18,2.61
2026-05-01,8,Block_5,399,270.53,3.52
2026-05-01,8,Block_6,324,406.8,2.96
2026-05-01,8,Block_7,225,403.54,1.53
2026-05-01,8,Block_8,482,458.98,7.43
2026-05-01,8,Block_9,491,234.37,7.14
2026-05-01,8,Block_10,244,285.79,4.36
2026-05-01,8,Block_11,446,432.82,5.16
2026-05-01,8,Block_12,356,274.27,6.87
2026-05-01,8,Block_13,284,344.83,3.9
2026-05-01,8,Block_14,376,253.89,8.0
2026-05-01,8,Block_15,438,342.0,4.89
2026-05-01,9,Block_1,180,339.46,7.68
2026-05-01,9,Block_2,467,183.44,1.33
2026-05-01,9,Block_3,485,246.63,6.97
2026-05-01,9,Block_4,415,298.02,4.93
2026-05-01,9,Block_5,434,380.43,1.2
2026-05-01,9,Block_6,245,338.67,6.64
2026-05-01,9,Block_7,485,303.05,5.13
2026-05-01,9,Block_8,487,296.32,4.83
2026-05-01,9,Block_9,426,276.93,4.67
2026-05-01,9,Block_10,312,354.24,6.58
2026-05-01,9,Block_11,248,263.12,7.86
2026-05-01,9,Block_12,384,265.61,2.46
2026-05-01,9,Block_13,428,378.29,4.22
2026-05-01,9,Block_14,274,310.84,3.8
2026-05-01,9,Block_15,363,392.22,3.88
2026-05-01,10,Block_1,374,216.52,4.61
2026-05-01,10,Block_2,456,177.06,2.18
2026-05-01,10,Block_3,349,182.32,2.24
2026-05-01,10,Block_4,257,149.17,3.31
2026-05-01,10,Block_5,461,178.01,6.6
2026-05-01,10,Block_6,286,217.28,7.45
2026-05-01,10,Block_7,205,183.63,7.08
2026-05-01,10,Block_8,306,150.5,7.47
2026-05-01,10,Block_9,207,165.9,3.58
2026-05-01,10,Block_10,366,128.02,2.77
2026-05-01,10,Block_11,182,187.58,7.27
2026-05-01,10,Block_12,473,159.39,4.73
2026-05-01,10,Block_13,371,130.26,2.88
2026-05-01,10,Block_14,410,135.04,1.62
2026-05-01,10,Block_15,479,238.0,2.63
2026-05-01,11,Block_1,412,143.79,4.49
2026-05-01,11,Block_2,407,260.46,4.76
2026-05-01,11,Block_3,415,242.78,1.89
2026-05-01,11,Block_4,185,191.7,7.3
2026-05-01,11,Block_5,408,189.91,7.54
2026-05-01,11,Block_6,377,163.78,3.56
2026-05-01,11,Block_7,274,180.17,1.39
2026-05-01,11,Block_8,219,165.95,5.88
2026-05-01,11,Block_9,313,200.9,7.83
2026-05-01,11,Block_10,241,253.87,7.51
2026-05-01,11,Block_11,312,195.39,2.31
2026-05-01,11,Block_12,454,241.32,2.4
2026-05-01,11,Block_13,269,154.18,6.37
2026-05-01,11,Block_14,472,153.04,4.54
2026-05-01,11,Block_15,340,131.54,3.58
2026-05-01,12,Block_1,440,116.96,1.44
2026-05-01,12,Block_2,452,235.21,1.82
2026-05-01,12,Block_3,273,166.03,1.75
2026-05-01,12,Block_4,316,209.88,2.44
2026-05-01,12,Block_5,180,177.36,6.19
2026-05-01,12,Block_6,446,196.09,6.57
2026-05-01,12,Block_7,495,140.89,2.15
2026-05-01,12,Block_8,257,233.58,4.66
2026-05-01,12,Block_9,416,197.98,5.12
2026-05-01,12,Block_10,193,261.14,7.3
2026-05-01,12,Block_11,202,206.78,4.07
2026-05-01,12,Block_12,283,191.94,2.6
2026-05-01,12,Block_13,377,128.43,7.58
2026-05-01,12,Block_14,290,156.88,5.34
2026-05-01,12,Block_15,276,147.06,5.95
2026-05-01,13,Block_1,189,212.76,4.46
2026-05-01,13,Block_2,297,187.6,6.75
2026-05-01,13,Block_3,336,104.42,2.6
2026-05-01,13,Block_4,352,222.72,6.04
2026-05-01,13,Block_5,461,175.17,2.76
2026-05-01,13,Block_6,327,191.41,2.27
2026-05-01,13,Block_7,482,158.71,3.02
2026-05-01,13,Block_8,397,274.92,5.1
2026-05-01,13,Block_9,283,232.58,7.1
2026-05-01,13,Block_10,312,203.19,7.46
2026-05-01,13,Block_11,466,220.43,5.25
2026-05-01,13,Block_12,208,163.41,1.73
2026-05-01,13,Block_13,289,199.59,2.3
2026-05-01,13,Block_14,180,226.77,7.09
2026-05-01,13,Block_15,316,182.48,2.44
2026-05-01,14,Block_1,296,171.8,5.23
2026-05-01,14,Block_2,254,190.05,7.46
2026-05-01,14,Block_3,196,219.43,5.11
2026-05-01,14,Block_4,340,176.4,3.54
2026-05-01,14,Block_5,329,183.57,2.54
2026-05-01,14,Block_6,263,170.31,4.21
2026-05-01,14,Block_7,242,288.47,7.98
2026-05-01,14,Block_8,390,243.18,3.45
2026-05-01,14,Block_9,484,199.4,1.26
2026-05-01,14,Block_10,436,114.86,6.43
2026-05-01,14,Block_11,293,224.87,4.48
2026-05-01,14,Block_12,234,131.77,7.62
2026-05-01,14,Block_13,445,128.79,2.9
2026-05-01,14,Block_14,234,241.05,2.09
2026-05-01,14,Block_15,187,197.91,1.19
2026-05-01,15,Block_1,233,176.43,3.37
2026-05-01,15,Block_2,230,178.99,5.57
2026-05-01,15,Block_3,267,210.42,6.06
2026-05-01,15,Block_4,481,271.93,6.81
2026-05-01,15,Block_5,186,153.86,5.43
2026-05-01,15,Block_6,326,210.61,1.86
2026-05-01,15,Block_7,181,218.4,7.37
2026-05-01,15,Block_8,413,123.41,6.78
2026-05-01,15,Block_9,440,137.06,3.42
2026-05-01,15,Block_10,459,177.69,1.8
2026-05-01,15,Block_11,403,247.77,3.98
2026-05-01,15,Block_12,388,277.1,2.88
2026-05-01,15,Block_13,380,235.45,1.98
2026-05-01,15,Block_14,333,112.2,4.68
2026-05-01,15,Block_15,325,178.43,4.71
2026-05-01,16,Block_1,220,201.11,2.92
2026-05-01,16,Block_2,255,255.35,2.44
2026-05-01,16,Block_3,206,230.12,7.3
2026-05-01,16,Block_4,416,150.65,5.66
2026-05-01,16,Block_5,225,251.35,1.33
2026-05-01,16,Block_6,360,155.49,5.22
2026-05-01,16,Block_7,208,126.54,3.73
2026-05-01,16,Block_8,366,204.97,3.08
2026-05-01,16,Block_9,277,137.9,3.78
2026-05-01,16,Block_10,380,197.52,6.4
2026-05-01,16,Block_11,380,225.1,3.46
2026-05-01,16,Block_12,221,208.91,4.22
2026-05-01,16,Block_13,310,173.71,1.54
2026-05-01,16,Block_14,196,156.11,7.65
2026-05-01,16,Block_15,482,199.69,1.61
2026-05-01,17,Block_1,377,350.78,7.86
2026-05-01,17,Block_2,447,324.37,2.55
2026-05-01,17,Block_3,296,235.68,6.12
2026-05-01,17,Block_4,355,361.14,1.81
2026-05-01,17,Block_5,282,327.81,1.26
2026-05-01,17,Block_6,331,357.15,2.61
2026-05-01,17,Block_7,218,352.56,3.21
2026-05-01,17,Block_8,389,243.2,4.64
2026-05-01,17,Block_9,406,270.07,7.09
2026-05-01,17,Block_10,430,391.27,7.12
2026-05-01,17,Block_11,218,342.94,1.07
2026-05-01,17,Block_12,497,266.4,4.36
2026-05-01,17,Block_13,445,346.28,1.64
2026-05-01,17,Block_14,244,315.99,2.67
2026-05-01,17,Block_15,325,360.9,2.64
2026-05-01,18,Block_1,372,352.93,7.37
2026-05-01,18,Block_2,240,250.5,2.81
2026-05-01,18,Block_3,377,347.87,7.88
2026-05-01,18,Block_4,405,299.56,2.17
2026-05-01,18,Block_5,439,274.33,2.62
2026-05-01,18,Block_6,422,345.85,4.59
2026-05-01,18,Block_7,286,280.54,2.24
2026-05-01,18,Block_8,441,210.89,6.61
2026-05-01,18,Block_9,226,323.03,2.51
2026-05-01,18,Block_10,357,289.39,4.44
2026-05-01,18,Block_11,395,408.71,7.28
2026-05-01,18,Block_12,268,330.68,5.15
2026-05-01,18,Block_13,277,331.12,4.2
2026-05-01,18,Block_14,316,233.68,1.31
2026-05-01,18,Block_15,349,308.17,6.67
2026-05-01,19,Block_1,217,383.2,2.82
2026-05-01,19,Block_2,355,341.65,4.47
2026-05-01,19,Block_3,293,304.48,4.47
2026-05-01,19,Block_4,294,307.48,6.77
2026-05-01,19,Block_5,416,287.36,6.14
2026-05-01,19,Block_6,347,360.68,2.72
2026-05-01,19,Block_7,224,226.63,5.88
2026-05-01,19,Block_8,370,392.9,5.89
2026-05-01,19,Block_9,493,260.83,4.26
2026-05-01,19,Block_10,202,239.16,1.04
2026-05-01,19,Block_11,261,270.78,6.73
2026-05-01,19,Block_12,191,312.36,1.04
2026-05-01,19,Block_13,412,302.21,5.42
2026-05-01,19,Block_14,367,312.58,1.06
2026-05-01,19,Block_15,253,380.79,4.03
2026-05-01,20,Block_1,239,297.41,2.26
2026-05-01,20,Block_2,421,380.54,7.63
2026-05-01,20,Block_3,191,199.8,1.47
2026-05-01,20,Block_4,389,358.3,7.1
2026-05-01,20,Block_5,464,416.07,4.12
2026-05-01,20,Block_6,208,260.51,1.15
2026-05-01,20,Block_7,258,350.74,6.73
2026-05-01,20,Block_8,278,198.5,4.16
2026-05-01,20,Block_9,450,237.58,6.56
2026-05-01,20,Block_10,354,363.17,5.76
2026-05-01,20,Block_11,206,249.62,7.08
2026-05-01,20,Block_12,263,324.87,3.78
2026-05-01,20,Block_13,436,368.84,3.25
2026-05-01,20,Block_14,499,399.2,7.08
2026-05-01,20,Block_15,191,293.31,4.94
2026-05-01,21,Block_1,324,245.87,1.64
2026-05-01,21,Block_2,258,219.6,4.18
2026-05-01,21,Block_3,360,312.47,7.38
2026-05-01,21,Block_4,225,312.48,4.23
2026-05-01,21,Block_5,345,240.12,2.58
2026-05-01,21,Block_6,393,298.81,5.07
2026-05-01,21,Block_7,243,344.95,4.19
2026-05-01,21,Block_8,456,281.95,1.51
2026-05-01,21,Block_9,345,265.52,3.04
2026-05-01,21,Block_10,396,244.66,7.02
2026-05-01,21,Block_11,255,363.05,7.91
2026-05-01,21,Block_12,259,366.81,4.38
2026-05-01,21,Block_13,421,364.07,3.29
2026-05-01,21,Block_14,404,215.62,1.62
2026-05-01,21,Block_15,333,333.28,3.78
2026-05-01,22,Block_1,269,373.58,5.83
2026-05-01,22,Block_2,484,349.45,7.66
2026-05-01,22,Block_3,302,316.24,1.22
2026-05-01,22,Block_4,357,234.16,5.38
2026-05-01,22,Block_5,497,345.32,5.29
2026-05-01,22,Block_6,493,346.89,6.49
2026-05-01,22,Block_7,182,341.56,1.29
2026-05-01,22,Block_8,266,206.71,5.55
2026-05-01,22,Block_9,480,236.93,5.31
2026-05-01,22,Block_10,400,351.47,6.53
2026-05-01,22,Block_11,486,261.12,2.13
2026-05-01,22,Block_12,310,238.05,1.57
2026-05-01,22,Block_13,272,263.65,3.93
2026-05-01,22,Block_14,392,259.6,6.09
2026-05-01,22,Block_15,472,211.76,3.42
2026-05-01,23,Block_1,407,276.03,7.11
2026-05-01,23,Block_2,474,141.01,2.94
2026-05-01,23,Block_3,310,134.59,5.36
2026-05-01,23,Block_4,200,167.03,6.13
2026-05-01,23,Block_5,477,192.29,2.66
2026-05-01,23,Block_6,181,196.49,2.27
2026-05-01,23,Block_7,495,204.45,3.84
2026-05-01,23,Block_8,410,109.89,3.51
2026-05-01,23,Block_9,207,248.38,2.81
2026-05-01,23,Block_10,343,92.88,7.79
2026-05-01,23,Block_11,449,231.55,3.32
2026-05-01,23,Block_12,445,208.73,5.69
2026-05-01,23,Block_13,350,104.1,7.64
2026-05-01,23,Block_14,243,204.09,3.51
2026-05-01,23,Block_15,299,135.89,6.64
2026-05-02,0,Block_1,386,66.67,4.91
2026-05-02,0,Block_2,472,51.88,7.56
2026-05-02,0,Block_3,180,92.65,1.85
2026-05-02,0,Block_4,340,116.39,4.55
2026-05-02,0,Block_5,455,63.79,7.91
2026-05-02,0,Block_6,218,115.05,4.18
2026-05-02,0,Block_7,357,70.69,3.4
2026-05-02,0,Block_8,487,95.84,5.93
2026-05-02,0,Block_9,308,47.83,6.12
2026-05-02,0,Block_10,469,84.12,5.63
2026-05-02,0,Block_11,293,95.68,2.71
2026-05-02,0,Block_12,468,98.34,5.2
2026-05-02,0,Block_13,321,64.57,3.76
2026-05-02,0,Block_14,371,120.93,1.34
2026-05-02,0,Block_15,348,75.31,7.95
2026-05-02,1,Block_1,277,84.12,3.83
2026-05-02,1,Block_2,281,68.8,4.07
2026-05-02,1,Block_3,489,42.17,5.54
2026-05-02,1,Block_4,244,95.89,3.57
2026-05-02,1,Block_5,272,92.06,4.14
2026-05-02,1,Block_6,403,130.84,3.61
2026-05-02,1,Block_7,444,135.2,3.66
2026-05-02,1,Block_8,483,42.39,6.93
2026-05-02,1,Block_9,222,67.42,6.35
2026-05-02,1,Block_10,481,134.18,6.03
2026-05-02,1,Block_11,471,79.62,7.49
2026-05-02,1,Block_12,456,54.66,4.35
2026-05-02,1,Block_13,231,108.45,5.69
2026-05-02,1,Block_14,418,61.42,4.73
2026-05-02,1,Block_15,325,82.27,3.8
2026-05-02,2,Block_1,269,64.0,1.85
2026-05-02,2,Block_2,338,68.63,5.96
2026-05-02,2,Block_3,420,132.95,4.97
2026-05-02,2,Block_4,351,48.5,1.3
2026-05-02,2,Block_5,320,96.98,5.21
2026-05-02,2,Block_6,205,58.81,2.48
2026-05-02,2,Block_7,300,53.49,6.88
2026-05-02,2,Block_8,472,90.03,3.11
2026-05-02,2,Block_9,198,93.58,6.96
2026-05-02,2,Block_10,343,79.4,2.05
2026-05-02,2,Block_11,421,114.06,2.07
2026-05-02,2,Block_12,298,74.79,4.75
2026-05-02,2,Block_13,472,90.28,5.49
2026-05-02,2,Block_14,257,103.21,5.42
2026-05-02,2,Block_15,433,119.34,1.99
2026-05-02,3,Block_1,221,36.01,4.0
2026-05-02,3,Block_2,420,108.85,1.11
2026-05-02,3,Block_3,397,106.6,3.36
2026-05-02,3,Block_4,346,97.19,6.41
2026-05-02,3,Block_5,252,58.8,3.26
2026-05-02,3,Block_6,375,128.87,4.1
2026-05-02,3,Block_7,206,112.31,5.48
2026-05-02,3,Block_8,409,35.09,5.15
2026-05-02,3,Block_9,438,121.66,2.33
2026-05-02,3,Block_10,394,30.0,3.65
2026-05-02,3,Block_11,479,58.42,1.62
2026-05-02,3,Block_12,466,111.46,6.28
2026-05-02,3,Block_13,300,55.2,6.75
2026-05-02,3,Block_14,324,60.6,3.11
2026-05-02,3,Block_15,416,86.67,1.84
2026-05-02,4,Block_1,427,55.5,4.78
2026-05-02,4,Block_2,410,143.54,7.05
2026-05-02,4,Block_3,217,51.36,2.12
2026-05-02,4,Block_4,428,30.0,4.88
2026-05-02,4,Block_5,359,124.98,2.96
2026-05-02,4,Block_6,495,53.39,6.96
2026-05-02,4,Block_7,418,104.84,3.78
2026-05-02,4,Block_8,395,92.61,4.73
2026-05-02,4,Block_9,246,44.86,6.53
2026-05-02,4,Block_10,342,65.27,2.21
2026-05-02,4,Block_11,385,72.72,7.83
2026-05-02,4,Block_12,432,83.49,7.03
2026-05-02,4,Block_13,274,112.8,4.41
2026-05-02,4,Block_14,204,112.16,5.66
2026-05-02,4,Block_15,204,61.84,2.63
2026-05-02,5,Block_1,199,260.61,4.08
2026-05-02,5,Block_2,339,339.62,2.51
2026-05-02,5,Block_3,184,304.38,6.47
2026-05-02,5,Block_4,309,271.92,4.39
2026-05-02,5,Block_5,278,359.49,1.52
2026-05-02,5,Block_6,369,415.97,2.86
2026-05-02,5,Block_7,439,327.55,5.43
2026-05-02,5,Block_8,452,277.14,2.63
2026-05-02,5,Block_9,303,402.85,6.94
2026-05-02,5,Block_10,242,461.29,6.54
2026-05-02,5,Block_11,334,234.81,3.9
2026-05-02,5,Block_12,408,258.35,3.71
2026-05-02,5,Block_13,328,307.07,6.32
2026-05-02,5,Block_14,244,315.32,3.26
2026-05-02,5,Block_15,352,451.52,1.3
2026-05-02,6,Block_1,370,423.26,4.5
2026-05-02,6,Block_2,213,435.84,3.27
2026-05-02,6,Block_3,411,351.24,6.67
2026-05-02,6,Block_4,200,297.42,7.69
2026-05-02,6,Block_5,284,371.3,1.72
2026-05-02,6,Block_6,239,382.33,1.53
2026-05-02,6,Block_7,189,362.18,7.51
2026-05-02,6,Block_8,382,262.79,4.47
2026-05-02,6,Block_9,393,244.19,5.46
2026-05-02,6,Block_10,352,340.37,2.05
2026-05-02,6,Block_11,266,401.69,5.76
2026-05-02,6,Block_12,331,404.69,1.25
2026-05-02,6,Block_13,456,401.72,3.71
2026-05-02,6,Block_14,390,428.64,5.63
2026-05-02,6,Block_15,230,282.65,2.22
2026-05-02,7,Block_1,187,330.84,2.86
2026-05-02,7,Block_2,290,299.14,1.58
2026-05-02,7,Block_3,228,469.22,2.79
2026-05-02,7,Block_4,257,316.46,1.48
2026-05-02,7,Block_5,445,374.49,6.59
2026-05-02,7,Block_6,437,419.57,5.21
2026-05-02,7,Block_7,467,291.16,5.6
2026-05-02,7,Block_8,189,239.1,3.37
2026-05-02,7,Block_9,293,333.67,7.6
2026-05-02,7,Block_10,392,400.58,5.73
2026-05-02,7,Block_11,301,397.95,6.71
2026-05-02,7,Block_12,218,364.66,6.93
2026-05-02,7,Block_13,328,395.65,7.85
2026-05-02,7,Block_14,417,274.22,6.44
2026-05-02,7,Block_15,329,345.06,7.89
2026-05-02,8,Block_1,464,277.45,6.1
2026-05-02,8,Block_2,462,415.35,7.76
2026-05-02,8,Block_3,267,429.56,3.4
2026-05-02,8,Block_4,363,336.09,5.28
2026-05-02,8,Block_5,198,370.25,2.06
2026-05-02,8,Block_6,307,256.87,4.04
2026-05-02,8,Block_7,365,401.57,1.07
2026-05-02,8,Block_8,283,423.47,2.36
2026-05-02,8,Block_9,189,321.66,6.2
2026-05-02,8,Block_10,291,338.74,6.49
2026-05-02,8,Block_11,265,419.25,6.94
2026-05-02,8,Block_12,300,269.39,7.71
2026-05-02,8,Block_13,199,360.92,3.29
2026-05-02,8,Block_14,390,288.59,7.97
2026-05-02,8,Block_15,290,392.78,4.14
2026-05-02,9,Block_1,472,409.77,5.64
2026-05-02,9,Block_2,381,326.33,5.34
2026-05-02,9,Block_3,452,257.54,5.12
2026-05-02,9,Block_4,400,255.53,5.5
2026-05-02,9,Block_5,433,290.24,4.41
2026-05-02,9,Block_6,261,387.15,5.22
2026-05-02,9,Block_7,288,408.72,6.22
2026-05-02,9,Block_8,296,251.53,6.52
2026-05-02,9,Block_9,362,359.02,6.15
2026-05-02,9,Block_10,498,425.27,2.54
2026-05-02,9,Block_11,297,318.62,5.5
2026-05-02,9,Block_12,377,387.01,5.45
2026-05-02,9,Block_13,226,452.23,6.88
2026-05-02,9,Block_14,316,330.08,7.65
2026-05-02,9,Block_15,229,359.47,2.16
2026-05-02,10,Block_1,292,259.6,5.1
2026-05-02,10,Block_2,230,242.7,7.58
2026-05-02,10,Block_3,481,140.17,2.58
2026-05-02,10,Block_4,253,123.53,7.56
2026-05-02,10,Block_5,249,221.0,5.42
2026-05-02,10,Block_6,476,221.92,2.11
2026-05-02,10,Block_7,367,177.93,3.79
2026-05-02,10,Block_8,285,243.26,2.98
2026-05-02,10,Block_9,299,111.61,7.82
2026-05-02,10,Block_10,223,150.27,2.09
2026-05-02,10,Block_11,263,187.04,5.34
2026-05-02,10,Block_12,249,141.67,7.3
2026-05-02,10,Block_13,321,216.79,6.12
2026-05-02,10,Block_14,340,179.34,2.06
2026-05-02,10,Block_15,265,225.68,4.93
2026-05-02,11,Block_1,207,218.23,6.06
2026-05-02,11,Block_2,356,203.35,4.8
2026-05-02,11,Block_3,184,167.42,7.62
2026-05-02,11,Block_4,236,183.74,5.68
2026-05-02,11,Block_5,346,223.81,4.82
2026-05-02,11,Block_6,473,194.06,6.64
2026-05-02,11,Block_7,228,180.82,2.41
2026-05-02,11,Block_8,199,155.91,4.81
2026-05-02,11,Block_9,411,255.18,7.14
2026-05-02,11,Block_10,271,236.72,2.79
2026-05-02,11,Block_11,205,159.78,4.91
2026-05-02,11,Block_12,427,186.67,4.25
2026-05-02,11,Block_13,346,142.63,5.6
2026-05-02,11,Block_14,357,180.85,1.65
2026-05-02,11,Block_15,253,125.74,1.66
2026-05-02,12,Block_1,343,180.99,2.94
2026-05-02,12,Block_2,389,195.39,2.11
2026-05-02,12,Block_3,442,146.78,5.29
2026-05-02,12,Block_4,219,220.56,4.55
2026-05-02,12,Block_5,187,228.9,7.26
2026-05-02,12,Block_6,425,131.47,7.0
2026-05-02,12,Block_7,481,130.82,3.24
2026-05-02,12,Block_8,337,146.06,5.44
2026-05-02,12,Block_9,281,105.76,7.86
2026-05-02,12,Block_10,204,195.27,1.65
2026-05-02,12,Block_11,333,127.89,1.56
2026-05-02,12,Block_12,313,139.93,5.97
2026-05-02,12,Block_13,392,242.68,2.78
2026-05-02,12,Block_14,456,151.26,1.79
2026-05-02,12,Block_15,220,161.95,6.18
2026-05-02,13,Block_1,355,117.72,5.04
2026-05-02,13,Block_2,287,136.76,4.3
2026-05-02,13,Block_3,451,246.71,1.74
2026-05-02,13,Block_4,380,161.51,5.59
2026-05-02,13,Block_5,473,154.12,3.52
2026-05-02,13,Block_6,406,169.16,6.34
2026-05-02,13,Block_7,431,147.69,5.65
2026-05-02,13,Block_8,404,202.78,7.12
2026-05-02,13,Block_9,369,190.44,3.66
2026-05-02,13,Block_10,263,140.89,1.13
2026-05-02,13,Block_11,394,219.65,1.89
2026-05-02,13,Block_12,289,216.78,7.38
2026-05-02,13,Block_13,385,202.31,6.09
2026-05-02,13,Block_14,300,250.35,2.97
2026-05-02,13,Block_15,444,185.76,1.09
2026-05-02,14,Block_1,487,206.87,3.11
2026-05-02,14,Block_2,401,212.58,5.19
2026-05-02,14,Block_3,443,163.04,7.14
2026-05-02,14,Block_4,306,213.54,5.38
2026-05-02,14,Block_5,241,136.66,6.56
2026-05-02,14,Block_6,229,173.66,5.01
2026-05-02,14,Block_7,483,169.45,6.82
2026-05-02,14,Block_8,214,191.77,6.81
2026-05-02,14,Block_9,187,147.8,4.62
2026-05-02,14,Block_10,353,181.24,6.42
2026-05-02,14,Block_11,326,266.1,7.25
2026-05-02,14,Block_12,217,147.74,5.14
2026-05-02,14,Block_13,207,156.08,2.64
2026-05-02,14,Block_14,436,191.38,2.88
2026-05-02,14,Block_15,393,116.21,2.78
2026-05-02,15,Block_1,315,101.84,2.67
2026-05-02,15,Block_2,272,213.75,4.31
2026-05-02,15,Block_3,491,248.56,5.14
2026-05-02,15,Block_4,481,173.96,1.35
2026-05-02,15,Block_5,269,221.77,4.24
2026-05-02,15,Block_6,285,177.8,3.05
2026-05-02,15,Block_7,484,169.43,5.32
2026-05-02,15,Block_8,456,228.52,3.42
2026-05-02,15,Block_9,326,130.43,4.15
2026-05-02,15,Block_10,225,275.61,2.16
2026-05-02,15,Block_11,288,176.81,5.26
2026-05-02,15,Block_12,269,154.34,7.69
2026-05-02,15,Block_13,325,205.94,1.8
2026-05-02,15,Block_14,261,268.64,1.65
2026-05-02,15,Block_15,404,275.98,3.83
2026-05-02,16,Block_1,437,138.19,5.68
2026-05-02,16,Block_2,445,222.22,4.52
2026-05-02,16,Block_3,297,163.97,1.81
2026-05-02,16,Block_4,181,229.65,4.71
2026-05-02,16,Block_5,475,219.34,6.74
2026-05-02,16,Block_6,490,222.02,5.04
2026-05-02,16,Block_7,392,216.51,6.66
2026-05-02,16,Block_8,463,127.3,3.71
2026-05-02,16,Block_9,325,227.62,3.83
2026-05-02,16,Block_10,209,224.9,4.12
2026-05-02,16,Block_11,467,180.61,6.76
2026-05-02,16,Block_12,339,153.14,3.6
2026-05-02,16,Block_13,297,156.26,5.94
2026-05-02,16,Block_14,375,155.64,1.31
2026-05-02,16,Block_15,372,188.55,7.63
2026-05-02,17,Block_1,305,322.68,5.17
2026-05-02,17,Block_2,473,356.44,6.93
2026-05-02,17,Block_3,210,286.22,5.82
2026-05-02,17,Block_4,246,319.27,7.75
2026-05-02,17,Block_5,413,323.81,3.77
2026-05-02,17,Block_6,494,203.08,2.03
2026-05-02,17,Block_7,304,340.28,3.59
2026-05-02,17,Block_8,214,366.46,7.22
2026-05-02,17,Block_9,464,339.39,3.02
2026-05-02,17,Block_10,305,362.58,3.73
2026-05-02,17,Block_11,248,264.46,2.08
2026-05-02,17,Block_12,341,281.13,2.18
2026-05-02,17,Block_13,221,340.18,6.79
2026-05-02,17,Block_14,230,368.67,2.24
2026-05-02,17,Block_15,479,241.71,6.81
2026-05-02,18,Block_1,271,276.56,5.08
2026-05-02,18,Block_2,278,247.3,7.16
2026-05-02,18,Block_3,393,298.41,4.99
2026-05-02,18,Block_4,187,313.93,1.28
2026-05-02,18,Block_5,280,369.07,4.8
2026-05-02,18,Block_6,226,401.35,7.09
2026-05-02,18,Block_7,425,373.38,6.53
2026-05-02,18,Block_8,225,232.14,1.24
2026-05-02,18,Block_9,196,270.81,7.64
2026-05-02,18,Block_10,249,271.58,5.12
2026-05-02,18,Block_11,254,309.09,2.42
2026-05-02,18,Block_12,398,425.49,3.85
2026-05-02,18,Block_13,354,409.11,6.35
2026-05-02,18,Block_14,295,268.79,1.02
2026-05-02,18,Block_15,404,311.87,7.25
2026-05-02,19,Block_1,387,191.19,6.34
2026-05-02,19,Block_2,393,225.54,6.06
2026-05-02,19,Block_3,456,353.14,3.51
2026-05-02,19,Block_4,331,416.94,6.13
2026-05-02,19,Block_5,198,384.82,2.4
2026-05-02,19,Block_6,292,269.19,1.63
2026-05-02,19,Block_7,216,333.21,1.04
2026-05-02,19,Block_8,367,366.69,5.61
2026-05-02,19,Block_9,202,331.99,4.41
2026-05-02,19,Block_10,439,389.18,3.85
2026-05-02,19,Block_11,367,211.03,5.04
2026-05-02,19,Block_12,224,215.13,7.69
2026-05-02,19,Block_13,324,391.27,4.5
2026-05-02,19,Block_14,323,351.95,4.35
2026-05-02,19,Block_15,469,314.89,2.97
2026-05-02,20,Block_1,394,371.59,7.5
2026-05-02,20,Block_2,474,268.12,2.58
2026-05-02,20,Block_3,448,404.21,5.22
2026-05-02,20,Block_4,362,223.82,4.52
2026-05-02,20,Block_5,189,334.04,6.75
2026-05-02,20,Block_6,193,349.36,4.24
2026-05-02,20,Block_7,232,350.2,6.63
2026-05-02,20,Block_8,443,333.19,2.9
2026-05-02,20,Block_9,469,327.52,1.94
2026-05-02,20,Block_10,258,271.05,1.72
2026-05-02,20,Block_11,333,329.7,6.01
2026-05-02,20,Block_12,485,311.18,4.27
2026-05-02,20,Block_13,499,347.54,3.21
2026-05-02,20,Block_14,316,350.45,6.9
2026-05-02,20,Block_15,279,388.75,7.35
2026-05-02,21,Block_1,235,343.83,7.75
2026-05-02,21,Block_2,365,398.76,1.3
2026-05-02,21,Block_3,354,341.22,2.17
2026-05-02,21,Block_4,414,369.77,5.66
2026-05-02,21,Block_5,380,316.95,1.74
2026-05-02,21,Block_6,472,367.16,1.34
2026-05-02,21,Block_7,220,244.5,4.33
2026-05-02,21,Block_8,435,354.84,3.58
2026-05-02,21,Block_9,389,229.04,4.86
2026-05-02,21,Block_10,210,337.68,6.04
2026-05-02,21,Block_11,279,266.49,5.74
2026-05-02,21,Block_12,416,399.53,3.07
2026-05-02,21,Block_13,182,218.96,3.21
2026-05-02,21,Block_14,328,440.34,5.78
2026-05-02,21,Block_15,431,220.15,1.3
2026-05-02,22,Block_1,492,236.6,6.76
2026-05-02,22,Block_2,232,295.6,5.82
2026-05-02,22,Block_3,344,242.07,7.38
2026-05-02,22,Block_4,317,377.26,1.22
2026-05-02,22,Block_5,290,344.9,3.31
2026-05-02,22,Block_6,350,256.87,7.14
2026-05-02,22,Block_7,367,335.62,3.78
2026-05-02,22,Block_8,354,266.3,2.54
2026-05-02,22,Block_9,365,295.74,7.0
2026-05-02,22,Block_10,401,396.72,3.57
2026-05-02,22,Block_11,313,359.87,4.05
2026-05-02,22,Block_12,186,248.39,3.44
2026-05-02,22,Block_13,191,364.77,1.01
2026-05-02,22,Block_14,407,326.97,6.93
2026-05-02,22,Block_15,443,374.54,6.48
2026-05-02,23,Block_1,311,207.8,7.3
2026-05-02,23,Block_2,405,213.48,4.39
2026-05-02,23,Block_3,269,156.23,7.93
2026-05-02,23,Block_4,312,263.84,4.72
2026-05-02,23,Block_5,207,177.98,6.44
2026-05-02,23,Block_6,238,152.66,6.08
2026-05-02,23,Block_7,480,149.04,2.93
2026-05-02,23,Block_8,247,199.6,3.72
2026-05-02,23,Block_9,354,184.97,7.42
2026-05-02,23,Block_10,226,198.29,1.42
2026-05-02,23,Block_11,184,255.28,4.48
2026-05-02,23,Block_12,427,224.76,1.94
2026-05-02,23,Block_13,403,145.69,4.5
2026-05-02,23,Block_14,225,156.83,1.53
2026-05-02,23,Block_15,381,184.65,2.26
2026-05-03,0,Block_1,185,60.96,4.12
2026-05-03,0,Block_2,249,84.42,1.76
2026-05-03,0,Block_3,431,85.04,7.96
2026-05-03,0,Block_4,198,76.24,2.23
2026-05-03,0,Block_5,439,58.55,6.81
2026-05-03,0,Block_6,286,92.34,3.77
2026-05-03,0,Block_7,426,123.15,3.75
2026-05-03,0,Block_8,218,124.58,6.47
2026-05-03,0,Block_9,316,82.02,6.85
2026-05-03,0,Block_10,434,102.39,5.44
2026-05-03,0,Block_11,431,118.75,2.25
2026-05-03,0,Block_12,280,72.32,2.72
2026-05-03,0,Block_13,320,185.92,1.0
2026-05-03,0,Block_14,296,86.73,1.23
2026-05-03,0,Block_15,453,90.89,7.95
2026-05-03,1,Block_1,293,78.68,7.32
2026-05-03,1,Block_2,295,84.74,1.19
2026-05-03,1,Block_3,372,67.15,2.23
2026-05-03,1,Block_4,400,99.84,4.02
2026-05-03,1,Block_5,278,104.04,3.28
2026-05-03,1,Block_6,288,64.22,3.47
2026-05-03,1,Block_7,458,71.43,4.33
2026-05-03,1,Block_8,421,38.95,2.43
2026-05-03,1,Block_9,291,75.27,6.99
2026-05-03,1,Block_10,450,58.93,7.16
2026-05-03,1,Block_11,219,74.22,1.33
2026-05-03,1,Block_12,203,86.26,3.47
2026-05-03,1,Block_13,360,124.21,2.98
2026-05-03,1,Block_14,248,105.38,3.74
2026-05-03,1,Block_15,233,157.69,3.54
2026-05-03,2,Block_1,317,125.9,2.4
2026-05-03,2,Block_2,217,92.75,6.12
2026-05-03,2,Block_3,418,96.82,3.91
2026-05-03,2,Block_4,369,106.94,6.73
2026-05-03,2,Block_5,385,48.47,1.88
2026-05-03,2,Block_6,392,61.72,4.8
2026-05-03,2,Block_7,238,67.67,3.9
2026-05-03,2,Block_8,189,30.0,4.37
2026-05-03,2,Block_9,227,85.41,3.08
2026-05-03,2,Block_10,370,130.07,4.56
2026-05-03,2,Block_11,260,95.69,7.53
2026-05-03,2,Block_12,377,105.75,7.45
2026-05-03,2,Block_13,346,67.9,6.95
2026-05-03,2,Block_14,252,88.64,3.42
2026-05-03,2,Block_15,487,61.23,2.1
2026-05-03,3,Block_1,288,87.02,7.63
2026-05-03,3,Block_2,450,129.88,4.55
2026-05-03,3,Block_3,257,87.59,5.93
2026-05-03,3,Block_4,341,78.48,4.06
2026-05-03,3,Block_5,347,34.97,1.36
2026-05-03,3,Block_6,462,122.41,4.38
2026-05-03,3,Block_7,274,62.94,3.17
2026-05-03,3,Block_8,181,93.2,7.1
2026-05-03,3,Block_9,385,68.34,5.37
2026-05-03,3,Block_10,293,108.61,6.83
2026-05-03,3,Block_11,305,63.87,3.73
2026-05-03,3,Block_12,462,51.76,3.88
2026-05-03,3,Block_13,248,91.06,1.48
2026-05-03,3,Block_14,212,144.27,3.0
2026-05-03,3,Block_15,226,104.85,3.67
2026-05-03,4,Block_1,320,70.82,6.49
2026-05-03,4,Block_2,307,74.8,6.26
2026-05-03,4,Block_3,208,68.45,3.28
2026-05-03,4,Block_4,185,60.65,4.83
2026-05-03,4,Block_5,497,83.82,4.89
2026-05-03,4,Block_6,398,72.25,4.64
2026-05-03,4,Block_7,445,66.85,4.62
2026-05-03,4,Block_8,253,100.3,5.83
2026-05-03,4,Block_9,474,110.31,2.2
2026-05-03,4,Block_10,263,55.44,1.64
2026-05-03,4,Block_11,488,138.8,1.11
2026-05-03,4,Block_12,412,117.27,4.68
2026-05-03,4,Block_13,437,119.03,7.06
2026-05-03,4,Block_14,277,77.81,3.61
2026-05-03,4,Block_15,480,70.46,5.08
2026-05-03,5,Block_1,317,345.53,3.79
2026-05-03,5,Block_2,285,307.93,6.18
2026-05-03,5,Block_3,462,300.65,4.04
2026-05-03,5,Block_4,423,409.37,6.24
2026-05-03,5,Block_5,311,280.52,4.04
2026-05-03,5,Block_6,427,361.31,2.6
2026-05-03,5,Block_7,391,437.8,2.43
2026-05-03,5,Block_8,424,272.32,7.14
2026-05-03,5,Block_9,478,304.19,2.73
2026-05-03,5,Block_10,382,302.64,4.21
2026-05-03,5,Block_11,195,353.74,1.57
2026-05-03,5,Block_12,317,294.32,7.19
2026-05-03,5,Block_13,256,263.85,6.51
2026-05-03,5,Block_14,270,376.3,4.65
2026-05-03,5,Block_15,286,309.61,4.77
2026-05-03,6,Block_1,463,353.59,7.41
2026-05-03,6,Block_2,302,334.25,5.94
2026-05-03,6,Block_3,293,406.01,5.55
2026-05-03,6,Block_4,365,405.19,1.15
2026-05-03,6,Block_5,393,252.72,4.52
2026-05-03,6,Block_6,386,303.21,2.97
2026-05-03,6,Block_7,421,281.75,3.86
2026-05-03,6,Block_8,200,342.71,6.23
2026-05-03,6,Block_9,288,471.19,6.79
2026-05-03,6,Block_10,375,373.22,7.47
2026-05-03,6,Block_11,491,293.15,4.87
2026-05-03,6,Block_12,231,353.67,7.11
2026-05-03,6,Block_13,481,301.49,7.4
2026-05-03,6,Block_14,493,432.56,7.59
2026-05-03,6,Block_15,392,352.17,7.32
2026-05-03,7,Block_1,266,210.87,6.87
2026-05-03,7,Block_2,492,436.66,1.09
2026-05-03,7,Block_3,320,299.28,6.05
2026-05-03,7,Block_4,291,384.52,1.82
2026-05-03,7,Block_5,273,285.37,2.13
2026-05-03,7,Block_6,388,293.45,3.9
2026-05-03,7,Block_7,317,377.97,5.44
2026-05-03,7,Block_8,341,335.65,4.63
2026-05-03,7,Block_9,425,308.0,2.87
2026-05-03,7,Block_10,331,325.16,5.31
2026-05-03,7,Block_11,198,467.26,5.75
2026-05-03,7,Block_12,354,404.64,6.28
2026-05-03,7,Block_13,425,368.76,5.03
2026-05-03,7,Block_14,418,323.49,1.81
2026-05-03,7,Block_15,474,411.11,2.0
2026-05-03,8,Block_1,196,292.17,2.44
2026-05-03,8,Block_2,493,251.31,4.55
2026-05-03,8,Block_3,372,354.42,1.13
2026-05-03,8,Block_4,461,343.76,2.77
2026-05-03,8,Block_5,489,298.89,6.06
2026-05-03,8,Block_6,297,337.64,6.54
2026-05-03,8,Block_7,326,404.2,6.98
2026-05-03,8,Block_8,209,450.47,5.53
2026-05-03,8,Block_9,227,394.47,2.46
2026-05-03,8,Block_10,471,422.24,6.94
2026-05-03,8,Block_11,492,380.73,7.87
2026-05-03,8,Block_12,199,269.73,7.98
2026-05-03,8,Block_13,413,359.29,3.25
2026-05-03,8,Block_14,219,289.21,1.48
2026-05-03,8,Block_15,311,328.94,4.25
2026-05-03,9,Block_1,275,381.5,1.06
2026-05-03,9,Block_2,241,407.92,6.9
2026-05-03,9,Block_3,386,282.22,1.34
2026-05-03,9,Block_4,315,437.13,3.98
2026-05-03,9,Block_5,474,366.0,5.74
2026-05-03,9,Block_6,390,333.59,5.34
2026-05-03,9,Block_7,399,268.58,3.74
2026-05-03,9,Block_8,394,464.38,5.24
2026-05-03,9,Block_9,349,303.84,3.9
2026-05-03,9,Block_10,233,234.89,3.7
2026-05-03,9,Block_11,273,443.06,7.08
2026-05-03,9,Block_12,479,428.55,6.22
2026-05-03,9,Block_13,458,455.43,5.62
2026-05-03,9,Block_14,241,363.97,5.85
2026-05-03,9,Block_15,308,308.94,4.7
2026-05-03,10,Block_1,289,210.48,2.53
2026-05-03,10,Block_2,383,154.36,2.05
2026-05-03,10,Block_3,344,126.99,2.82
2026-05-03,10,Block_4,481,207.7,5.67
2026-05-03,10,Block_5,366,166.21,4.6
2026-05-03,10,Block_6,409,228.66,1.66
2026-05-03,10,Block_7,361,139.05,5.95
2026-05-03,10,Block_8,342,248.84,5.0
2026-05-03,10,Block_9,470,156.3,1.16
2026-05-03,10,Block_10,470,155.05,1.11
2026-05-03,10,Block_11,362,254.43,6.86
2026-05-03,10,Block_12,304,244.4,5.11
2026-05-03,10,Block_13,247,136.97,7.93
2026-05-03,10,Block_14,240,224.27,3.72
2026-05-03,10,Block_15,227,146.35,5.18
2026-05-03,11,Block_1,230,136.0,4.1
2026-05-03,11,Block_2,425,182.84,6.63
2026-05-03,11,Block_3,368,182.95,5.72
2026-05-03,11,Block_4,361,213.25,3.61
2026-05-03,11,Block_5,361,208.07,2.93
2026-05-03,11,Block_6,243,175.28,6.67
2026-05-03,11,Block_7,321,204.22,1.42
2026-05-03,11,Block_8,238,239.3,5.9
2026-05-03,11,Block_9,273,218.27,7.17
2026-05-03,11,Block_10,472,172.05,6.84
2026-05-03,11,Block_11,478,198.38,1.36
2026-05-03,11,Block_12,208,130.9,3.96
2026-05-03,11,Block_13,323,219.83,5.83
2026-05-03,11,Block_14,224,105.74,7.83
2026-05-03,11,Block_15,435,236.84,6.62
2026-05-03,12,Block_1,413,188.51,5.84
2026-05-03,12,Block_2,401,242.15,1.9
2026-05-03,12,Block_3,410,275.74,4.05
2026-05-03,12,Block_4,190,140.88,6.53
2026-05-03,12,Block_5,237,155.4,2.61
2026-05-03,12,Block_6,450,166.38,2.03
2026-05-03,12,Block_7,305,147.77,2.16
2026-05-03,12,Block_8,235,202.32,1.91
2026-05-03,12,Block_9,207,148.88,3.49
2026-05-03,12,Block_10,461,223.63,6.66
2026-05-03,12,Block_11,345,162.64,7.05
2026-05-03,12,Block_12,275,162.0,2.09
2026-05-03,12,Block_13,307,100.47,2.01
2026-05-03,12,Block_14,324,221.63,4.09
2026-05-03,12,Block_15,285,153.09,2.97
2026-05-03,13,Block_1,355,197.91,4.83
2026-05-03,13,Block_2,450,228.48,1.31
2026-05-03,13,Block_3,219,130.22,3.6
2026-05-03,13,Block_4,387,237.85,5.59
2026-05-03,13,Block_5,428,201.74,7.02
2026-05-03,13,Block_6,474,127.17,4.18
2026-05-03,13,Block_7,408,234.9,4.57
2026-05-03,13,Block_8,367,171.33,4.43
2026-05-03,13,Block_9,251,171.21,3.61
2026-05-03,13,Block_10,399,238.39,2.16
2026-05-03,13,Block_11,379,238.46,4.91
2026-05-03,13,Block_12,364,174.9,6.5
2026-05-03,13,Block_13,466,192.78,5.01
2026-05-03,13,Block_14,369,237.59,7.92
2026-05-03,13,Block_15,192,291.34,5.36
2026-05-03,14,Block_1,455,217.65,3.64
2026-05-03,14,Block_2,452,230.47,3.06
2026-05-03,14,Block_3,398,172.27,1.28
2026-05-03,14,Block_4,366,216.64,5.13
2026-05-03,14,Block_5,181,172.75,6.32
2026-05-03,14,Block_6,275,134.39,3.63
2026-05-03,14,Block_7,448,188.64,5.72
2026-05-03,14,Block_8,232,240.07,1.35
2026-05-03,14,Block_9,487,160.45,7.5
2026-05-03,14,Block_10,450,164.87,4.26
2026-05-03,14,Block_11,334,215.42,2.21
2026-05-03,14,Block_12,318,224.26,4.98
2026-05-03,14,Block_13,452,236.55,2.48
2026-05-03,14,Block_14,281,178.57,1.13
2026-05-03,14,Block_15,379,158.95,6.43
2026-05-03,15,Block_1,328,143.91,7.73
2026-05-03,15,Block_2,283,195.9,7.53
2026-05-03,15,Block_3,217,117.76,7.63
2026-05-03,15,Block_4,423,214.75,6.17
2026-05-03,15,Block_5,448,157.38,1.07
2026-05-03,15,Block_6,284,178.8,3.43
2026-05-03,15,Block_7,417,211.92,1.55
2026-05-03,15,Block_8,389,153.58,7.94
2026-05-03,15,Block_9,316,233.56,2.68
2026-05-03,15,Block_10,466,193.9,2.05
2026-05-03,15,Block_11,246,162.7,2.73
2026-05-03,15,Block_12,252,246.33,6.26
2026-05-03,15,Block_13,331,216.42,6.72
2026-05-03,15,Block_14,292,158.71,1.05
2026-05-03,15,Block_15,354,122.65,3.82
2026-05-03,16,Block_1,319,236.71,7.36
2026-05-03,16,Block_2,425,225.87,2.33
2026-05-03,16,Block_3,328,245.59,4.01
2026-05-03,16,Block_4,432,191.25,4.45
2026-05-03,16,Block_5,481,192.89,5.43
2026-05-03,16,Block_6,292,216.48,1.32
2026-05-03,16,Block_7,482,208.75,1.11
2026-05-03,16,Block_8,330,226.77,5.9
2026-05-03,16,Block_9,421,175.28,4.92
2026-05-03,16,Block_10,416,226.69,1.53
2026-05-03,16,Block_11,235,127.51,1.65
2026-05-03,16,Block_12,419,186.86,6.48
2026-05-03,16,Block_13,367,215.73,5.32
2026-05-03,16,Block_14,384,218.55,4.98
2026-05-03,16,Block_15,399,205.84,7.88
2026-05-03,17,Block_1,231,232.79,1.19
2026-05-03,17,Block_2,457,319.67,2.59
2026-05-03,17,Block_3,388,402.06,1.54
2026-05-03,17,Block_4,387,306.33,3.54
2026-05-03,17,Block_5,320,329.77,1.59
2026-05-03,17,Block_6,257,274.2,7.39
2026-05-03,17,Block_7,322,296.34,6.77
2026-05-03,17,Block_8,448,254.22,4.21
2026-05-03,17,Block_9,376,221.26,7.54
2026-05-03,17,Block_10,396,264.48,5.21
2026-05-03,17,Block_11,377,361.17,5.58
2026-05-03,17,Block_12,452,356.2,7.5
2026-05-03,17,Block_13,198,273.99,6.42
2026-05-03,17,Block_14,279,369.26,5.77
2026-05-03,17,Block_15,229,252.85,1.74
2026-05-03,18,Block_1,343,274.15,3.89
2026-05-03,18,Block_2,418,356.73,3.02
2026-05-03,18,Block_3,366,260.98,1.2
2026-05-03,18,Block_4,438,219.65,2.62
2026-05-03,18,Block_5,450,247.51,6.12
2026-05-03,18,Block_6,465,289.85,6.27
2026-05-03,18,Block_7,376,341.68,6.47
2026-05-03,18,Block_8,352,302.68,5.61
2026-05-03,18,Block_9,301,318.09,2.66
2026-05-03,18,Block_10,467,217.56,4.04
2026-05-03,18,Block_11,275,231.12,2.92
2026-05-03,18,Block_12,285,343.06,1.04
2026-05-03,18,Block_13,275,394.15,7.76
2026-05-03,18,Block_14,393,338.16,6.74
2026-05-03,18,Block_15,201,283.76,1.93
2026-05-03,19,Block_1,495,192.63,2.34
2026-05-03,19,Block_2,404,213.73,4.02
2026-05-03,19,Block_3,304,289.52,2.56
2026-05-03,19,Block_4,435,256.92,7.42
2026-05-03,19,Block_5,204,337.79,6.58
2026-05-03,19,Block_6,273,254.35,1.7
2026-05-03,19,Block_7,190,324.89,6.81
2026-05-03,19,Block_8,388,380.12,2.62
2026-05-03,19,Block_9,451,291.88,5.02
2026-05-03,19,Block_10,366,235.22,5.08
2026-05-03,19,Block_11,367,294.25,3.78
2026-05-03,19,Block_12,494,380.29,4.75
2026-05-03,19,Block_13,242,338.22,1.35
2026-05-03,19,Block_14,320,219.18,6.83
2026-05-03,19,Block_15,471,352.1,6.72
2026-05-03,20,Block_1,269,248.29,1.67
2026-05-03,20,Block_2,280,282.8,1.58
2026-05-03,20,Block_3,449,362.78,6.27
2026-05-03,20,Block_4,464,242.85,3.34
2026-05-03,20,Block_5,454,380.62,2.51
2026-05-03,20,Block_6,464,254.85,2.04
2026-05-03,20,Block_7,498,322.96,3.53
2026-05-03,20,Block_8,209,301.7,3.74
2026-05-03,20,Block_9,320,227.72,2.73
2026-05-03,20,Block_10,410,270.13,1.78
2026-05-03,20,Block_11,249,248.23,7.13
2026-05-03,20,Block_12,229,258.1,3.78
2026-05-03,20,Block_13,305,371.92,4.75
2026-05-03,20,Block_14,326,227.94,2.18
2026-05-03,20,Block_15,342,369.81,5.04
2026-05-03,21,Block_1,366,265.25,3.88
2026-05-03,21,Block_2,373,371.89,3.31
2026-05-03,21,Block_3,424,269.19,4.01
2026-05-03,21,Block_4,308,311.35,1.9
2026-05-03,21,Block_5,485,313.12,2.78
2026-05-03,21,Block_6,226,295.55,2.47
2026-05-03,21,Block_7,439,259.6,1.72
2026-05-03,21,Block_8,475,352.87,1.65
2026-05-03,21,Block_9,445,308.12,5.85
2026-05-03,21,Block_10,404,242.84,5.38
2026-05-03,21,Block_11,425,398.2,1.92
2026-05-03,21,Block_12,364,235.28,6.95
2026-05-03,21,Block_13,191,242.7,3.32
2026-05-03,21,Block_14,380,303.66,5.36
2026-05-03,21,Block_15,239,265.77,6.44
2026-05-03,22,Block_1,303,443.88,6.07
2026-05-03,22,Block_2,257,273.45,3.79
2026-05-03,22,Block_3,191,248.34,5.14
2026-05-03,22,Block_4,325,277.86,1.89
2026-05-03,22,Block_5,307,383.66,7.04
2026-05-03,22,Block_6,201,389.36,4.68
2026-05-03,22,Block_7,396,306.48,3.16
2026-05-03,22,Block_8,374,279.04,2.78
2026-05-03,22,Block_9,302,323.54,1.57
2026-05-03,22,Block_10,266,369.87,4.9
2026-05-03,22,Block_11,467,263.52,6.69
2026-05-03,22,Block_12,277,278.93,3.23
2026-05-03,22,Block_13,283,258.73,3.02
2026-05-03,22,Block_14,452,243.45,4.88
2026-05-03,22,Block_15,369,341.17,4.78
2026-05-03,23,Block_1,274,244.32,3.66
2026-05-03,23,Block_2,398,182.34,2.68
2026-05-03,23,Block_3,275,193.62,2.24
2026-05-03,23,Block_4,233,161.76,7.12
2026-05-03,23,Block_5,308,250.29,3.82
2026-05-03,23,Block_6,187,209.77,3.21
2026-05-03,23,Block_7,383,208.24,5.01
2026-05-03,23,Block_8,252,141.36,6.63
2026-05-03,23,Block_9,231,201.57,4.44
2026-05-03,23,Block_10,222,226.92,2.37
2026-05-03,23,Block_11,256,142.35,4.79
2026-05-03,23,Block_12,390,138.52,6.83
2026-05-03,23,Block_13,333,138.83,3.07
2026-05-03,23,Block_14,473,116.52,4.66
2026-05-03,23,Block_15,409,204.49,5.57
2026-05-04,0,Block_1,411,100.01,4.81
2026-05-04,0,Block_2,296,123.25,4.71
2026-05-04,0,Block_3,267,114.54,7.47
2026-05-04,0,Block_4,301,59.73,3.89
2026-05-04,0,Block_5,394,118.42,6.53
2026-05-04,0,Block_6,205,70.8,6.71
2026-05-04,0,Block_7,343,77.98,2.16
2026-05-04,0,Block_8,387,101.56,1.8
2026-05-04,0,Block_9,258,124.27,4.16
2026-05-04,0,Block_10,499,116.63,6.7
2026-05-04,0,Block_11,457,45.6,1.95
2026-05-04,0,Block_12,485,96.16,3.81
2026-05-04,0,Block_13,340,78.65,1.89
2026-05-04,0,Block_14,311,58.83,2.46
2026-05-04,0,Block_15,180,37.61,1.29
2026-05-04,1,Block_1,432,51.77,2.78
2026-05-04,1,Block_2,423,102.23,1.55
2026-05-04,1,Block_3,335,69.78,3.07
2026-05-04,1,Block_4,226,92.48,7.09
2026-05-04,1,Block_5,483,57.14,3.23
2026-05-04,1,Block_6,218,84.53,4.52
2026-05-04,1,Block_7,287,94.83,7.41
2026-05-04,1,Block_8,197,96.92,3.15
2026-05-04,1,Block_9,266,86.65,3.28
2026-05-04,1,Block_10,249,52.16,5.22
2026-05-04,1,Block_11,274,95.15,7.97
2026-05-04,1,Block_12,428,86.97,7.27
2026-05-04,1,Block_13,425,66.22,1.6
2026-05-04,1,Block_14,340,101.8,4.97
2026-05-04,1,Block_15,453,60.99,5.2
2026-05-04,2,Block_1,389,86.13,3.68
2026-05-04,2,Block_2,274,79.01,6.74
2026-05-04,2,Block_3,389,101.7,2.85
2026-05-04,2,Block_4,351,115.13,7.55
2026-05-04,2,Block_5,204,88.78,4.12
2026-05-04,2,Block_6,298,102.43,4.35
2026-05-04,2,Block_7,329,135.01,1.42
2026-05-04,2,Block_8,430,119.08,5.67
2026-05-04,2,Block_9,302,53.66,2.14
2026-05-04,2,Block_10,185,73.04,3.7
2026-05-04,2,Block_11,256,80.12,7.67
2026-05-04,2,Block_12,358,107.5,1.43
2026-05-04,2,Block_13,315,114.27,5.02
2026-05-04,2,Block_14,194,112.54,6.44
2026-05-04,2,Block_15,457,81.76,4.79
2026-05-04,3,Block_1,485,107.64,2.19
2026-05-04,3,Block_2,333,90.53,6.3
2026-05-04,3,Block_3,350,81.99,5.84
2026-05-04,3,Block_4,204,137.56,2.0
2026-05-04,3,Block_5,494,30.0,1.03
2026-05-04,3,Block_6,271,99.96,5.49
2026-05-04,3,Block_7,481,64.94,7.92
2026-05-04,3,Block_8,185,97.51,6.1
2026-05-04,3,Block_9,376,30.05,1.68
2026-05-04,3,Block_10,480,97.05,4.33
2026-05-04,3,Block_11,214,41.76,3.27
2026-05-04,3,Block_12,417,73.45,7.73
2026-05-04,3,Block_13,230,149.17,6.18
2026-05-04,3,Block_14,454,60.92,3.34
2026-05-04,3,Block_15,468,139.98,6.83
2026-05-04,4,Block_1,432,89.99,2.27
2026-05-04,4,Block_2,305,128.55,4.64
2026-05-04,4,Block_3,329,83.69,1.95
2026-05-04,4,Block_4,415,127.58,6.11
2026-05-04,4,Block_5,411,39.92,1.89
2026-05-04,4,Block_6,337,91.1,7.57
2026-05-04,4,Block_7,404,54.67,5.59
2026-05-04,4,Block_8,267,72.93,6.2
2026-05-04,4,Block_9,349,89.94,4.31
2026-05-04,4,Block_10,424,55.86,4.97
2026-05-04,4,Block_11,200,74.76,6.15
2026-05-04,4,Block_12,280,117.83,7.38
2026-05-04,4,Block_13,207,30.0,4.6
2026-05-04,4,Block_14,254,86.35,5.09
2026-05-04,4,Block_15,438,71.18,2.22
2026-05-04,5,Block_1,420,393.76,3.53
2026-05-04,5,Block_2,416,310.12,2.78
2026-05-04,5,Block_3,305,443.01,5.04
2026-05-04,5,Block_4,405,346.84,5.39
2026-05-04,5,Block_5,308,455.42,3.29
2026-05-04,5,Block_6,415,388.58,6.53
2026-05-04,5,Block_7,313,253.62,5.13
2026-05-04,5,Block_8,227,337.32,2.24
2026-05-04,5,Block_9,267,281.99,3.8
2026-05-04,5,Block_10,194,313.74,3.71
2026-05-04,5,Block_11,388,418.7,1.14
2026-05-04,5,Block_12,487,369.29,5.95
2026-05-04,5,Block_13,437,371.25,6.71
2026-05-04,5,Block_14,288,265.99,6.04
2026-05-04,5,Block_15,435,432.72,7.28
2026-05-04,6,Block_1,446,407.0,2.54
2026-05-04,6,Block_2,252,323.01,6.32
2026-05-04,6,Block_3,425,390.19,3.87
2026-05-04,6,Block_4,376,431.75,6.36
2026-05-04,6,Block_5,466,318.28,7.76
2026-05-04,6,Block_6,332,373.32,6.11
2026-05-04,6,Block_7,399,312.44,2.45
2026-05-04,6,Block_8,254,331.94,5.52
2026-05-04,6,Block_9,393,424.33,3.84
2026-05-04,6,Block_10,395,380.23,6.78
2026-05-04,6,Block_11,396,253.0,3.27
2026-05-04,6,Block_12,279,359.18,3.64
2026-05-04,6,Block_13,323,292.16,4.4
2026-05-04,6,Block_14,262,319.92,7.13
2026-05-04,6,Block_15,352,448.16,7.01
2026-05-04,7,Block_1,185,413.02,5.83
2026-05-04,7,Block_2,464,386.06,3.3
2026-05-04,7,Block_3,205,315.94,2.7
2026-05-04,7,Block_4,463,372.42,6.62
2026-05-04,7,Block_5,401,439.81,7.61
2026-05-04,7,Block_6,455,440.62,3.03
2026-05-04,7,Block_7,336,369.79,6.19
2026-05-04,7,Block_8,375,276.95,5.37
2026-05-04,7,Block_9,462,276.13,7.72
2026-05-04,7,Block_10,351,458.78,2.36
2026-05-04,7,Block_11,357,429.57,3.81
2026-05-04,7,Block_12,366,439.51,5.23
2026-05-04,7,Block_13,354,248.97,1.74
2026-05-04,7,Block_14,449,345.43,5.7
2026-05-04,7,Block_15,203,294.14,1.97
2026-05-04,8,Block_1,229,320.72,3.14
2026-05-04,8,Block_2,450,271.83,7.04
2026-05-04,8,Block_3,258,254.19,2.74
2026-05-04,8,Block_4,368,351.15,1.97
2026-05-04,8,Block_5,420,339.26,2.55
2026-05-04,8,Block_6,371,333.16,4.55
2026-05-04,8,Block_7,193,283.37,7.88
2026-05-04,8,Block_8,235,335.87,4.71
2026-05-04,8,Block_9,264,341.63,3.87
2026-05-04,8,Block_10,452,437.56,2.94
2026-05-04,8,Block_11,311,396.93,4.59
2026-05-04,8,Block_12,248,284.56,7.44
2026-05-04,8,Block_13,486,257.59,1.38
2026-05-04,8,Block_14,444,407.04,4.88
2026-05-04,8,Block_15,499,346.03,2.97
2026-05-04,9,Block_1,276,373.05,6.07
2026-05-04,9,Block_2,276,420.7,5.94
2026-05-04,9,Block_3,350,260.12,6.21
2026-05-04,9,Block_4,463,415.66,2.64
2026-05-04,9,Block_5,469,314.38,1.38
2026-05-04,9,Block_6,235,353.13,5.37
2026-05-04,9,Block_7,408,345.58,5.81
2026-05-04,9,Block_8,258,436.1,6.41
2026-05-04,9,Block_9,493,347.7,1.26
2026-05-04,9,Block_10,427,286.01,3.25
2026-05-04,9,Block_11,247,451.62,7.94
2026-05-04,9,Block_12,464,272.58,5.94
2026-05-04,9,Block_13,377,417.66,3.36
2026-05-04,9,Block_14,244,406.31,7.66
2026-05-04,9,Block_15,262,425.67,4.0
2026-05-04,10,Block_1,278,186.72,3.54
2026-05-04,10,Block_2,221,244.01,1.75
2026-05-04,10,Block_3,337,128.87,1.42
2026-05-04,10,Block_4,457,207.83,6.03
2026-05-04,10,Block_5,236,241.62,1.49
2026-05-04,10,Block_6,358,210.07,4.34
2026-05-04,10,Block_7,195,171.4,2.18
2026-05-04,10,Block_8,371,194.37,7.36
2026-05-04,10,Block_9,366,227.22,7.22
2026-05-04,10,Block_10,341,180.18,3.64
2026-05-04,10,Block_11,195,179.14,2.12
2026-05-04,10,Block_12,260,254.27,4.52
2026-05-04,10,Block_13,329,169.12,6.18
2026-05-04,10,Block_14,377,185.4,6.55
2026-05-04,10,Block_15,276,161.32,1.28
2026-05-04,11,Block_1,288,163.24,6.97
2026-05-04,11,Block_2,496,188.64,4.53
2026-05-04,11,Block_3,298,182.85,4.34
2026-05-04,11,Block_4,258,138.32,5.4
2026-05-04,11,Block_5,182,232.02,6.78
2026-05-04,11,Block_6,261,154.96,7.47
2026-05-04,11,Block_7,282,150.66,5.33
2026-05-04,11,Block_8,405,177.6,5.82
2026-05-04,11,Block_9,253,222.32,7.77
2026-05-04,11,Block_10,383,150.3,5.21
2026-05-04,11,Block_11,388,175.1,2.35
2026-05-04,11,Block_12,306,242.44,1.77
2026-05-04,11,Block_13,382,157.02,1.39
2026-05-04,11,Block_14,355,205.52,2.69
2026-05-04,11,Block_15,299,225.09,4.81
2026-05-04,12,Block_1,309,190.41,3.78
2026-05-04,12,Block_2,452,175.26,2.13
2026-05-04,12,Block_3,273,237.39,2.44
2026-05-04,12,Block_4,453,226.07,6.1
2026-05-04,12,Block_5,224,246.52,3.29
2026-05-04,12,Block_6,226,187.94,7.17
2026-05-04,12,Block_7,384,97.35,2.8
2026-05-04,12,Block_8,205,134.07,3.97
2026-05-04,12,Block_9,360,213.12,2.33
2026-05-04,12,Block_10,356,211.49,3.19
2026-05-04,12,Block_11,228,249.87,6.94
2026-05-04,12,Block_12,297,224.89,5.36
2026-05-04,12,Block_13,368,157.61,6.21
2026-05-04,12,Block_14,323,236.17,4.15
2026-05-04,12,Block_15,313,222.72,5.44
2026-05-04,13,Block_1,333,147.26,2.43
2026-05-04,13,Block_2,300,127.32,4.38
2026-05-04,13,Block_3,448,111.23,5.33
2026-05-04,13,Block_4,277,189.98,5.67
2026-05-04,13,Block_5,413,193.47,7.84
2026-05-04,13,Block_6,384,201.63,5.64
2026-05-04,13,Block_7,455,227.3,6.1
2026-05-04,13,Block_8,475,132.2,6.39
2026-05-04,13,Block_9,417,170.77,1.48
2026-05-04,13,Block_10,457,226.24,1.76
2026-05-04,13,Block_11,230,257.69,2.34
2026-05-04,13,Block_12,198,177.75,3.38
2026-05-04,13,Block_13,322,138.56,4.01
2026-05-04,13,Block_14,248,284.68,5.95
2026-05-04,13,Block_15,196,223.41,4.63
2026-05-04,14,Block_1,328,199.21,6.86
2026-05-04,14,Block_2,214,247.91,3.14
2026-05-04,14,Block_3,445,99.21,7.51
2026-05-04,14,Block_4,301,132.87,1.71
2026-05-04,14,Block_5,436,211.0,4.95
2026-05-04,14,Block_6,264,231.93,5.32
2026-05-04,14,Block_7,376,208.31,1.87
2026-05-04,14,Block_8,304,112.48,5.67
2026-05-04,14,Block_9,319,204.84,4.43
2026-05-04,14,Block_10,407,179.12,2.38
2026-05-04,14,Block_11,187,233.83,6.42
2026-05-04,14,Block_12,328,156.54,1.96
2026-05-04,14,Block_13,395,159.18,3.71
2026-05-04,14,Block_14,425,137.95,7.04
2026-05-04,14,Block_15,223,193.04,6.97
2026-05-04,15,Block_1,445,173.38,5.71
2026-05-04,15,Block_2,236,134.91,2.66
2026-05-04,15,Block_3,423,163.4,6.86
2026-05-04,15,Block_4,477,198.51,2.36
2026-05-04,15,Block_5,413,151.58,5.04
2026-05-04,15,Block_6,458,217.55,1.26
2026-05-04,15,Block_7,354,132.75,3.95
2026-05-04,15,Block_8,470,228.8,7.03
2026-05-04,15,Block_9,251,181.19,1.75
2026-05-04,15,Block_10,356,203.97,7.76
2026-05-04,15,Block_11,221,203.04,5.42
2026-05-04,15,Block_12,454,198.05,2.41
2026-05-04,15,Block_13,213,132.37,1.39
2026-05-04,15,Block_14,236,115.73,4.83
2026-05-04,15,Block_15,365,209.11,4.6
2026-05-04,16,Block_1,287,222.4,7.75
2026-05-04,16,Block_2,306,88.34,5.78
2026-05-04,16,Block_3,267,135.75,3.42
2026-05-04,16,Block_4,487,132.23,5.36
2026-05-04,16,Block_5,357,269.99,6.91
2026-05-04,16,Block_6,434,212.28,5.38
2026-05-04,16,Block_7,377,215.26,4.32
2026-05-04,16,Block_8,416,177.52,2.04
2026-05-04,16,Block_9,323,230.26,3.39
2026-05-04,16,Block_10,269,182.89,6.72
2026-05-04,16,Block_11,399,250.09,4.54
2026-05-04,16,Block_12,491,122.43,1.85
2026-05-04,16,Block_13,405,232.34,6.26
2026-05-04,16,Block_14,254,205.35,7.57
2026-05-04,16,Block_15,360,207.35,3.33
2026-05-04,17,Block_1,253,285.41,1.23
2026-05-04,17,Block_2,345,333.36,3.17
2026-05-04,17,Block_3,183,217.79,7.43
2026-05-04,17,Block_4,471,323.24,7.84
2026-05-04,17,Block_5,240,218.14,6.95
2026-05-04,17,Block_6,242,402.88,5.58
2026-05-04,17,Block_7,434,280.71,4.11
2026-05-04,17,Block_8,349,231.83,7.47
2026-05-04,17,Block_9,346,200.59,5.65
2026-05-04,17,Block_10,430,255.16,1.4
2026-05-04,17,Block_11,269,390.15,5.18
2026-05-04,17,Block_12,329,269.72,1.54
2026-05-04,17,Block_13,228,316.53,5.84
2026-05-04,17,Block_14,418,343.88,3.58
2026-05-04,17,Block_15,395,323.76,4.27
2026-05-04,18,Block_1,364,296.39,6.58
2026-05-04,18,Block_2,374,399.1,5.88
2026-05-04,18,Block_3,293,289.68,7.04
2026-05-04,18,Block_4,491,273.31,6.09
2026-05-04,18,Block_5,365,250.0,6.79
2026-05-04,18,Block_6,195,376.68,4.59
2026-05-04,18,Block_7,216,344.97,7.01
2026-05-04,18,Block_8,487,268.92,7.81
2026-05-04,18,Block_9,186,259.08,1.07
2026-05-04,18,Block_10,234,274.58,7.92
2026-05-04,18,Block_11,476,259.02,2.25
2026-05-04,18,Block_12,307,340.51,1.35
2026-05-04,18,Block_13,372,338.07,6.04
2026-05-04,18,Block_14,444,256.3,1.33
2026-05-04,18,Block_15,364,290.51,2.32
2026-05-04,19,Block_1,242,387.35,3.03
2026-05-04,19,Block_2,340,293.66,1.78
2026-05-04,19,Block_3,471,301.47,4.34
2026-05-04,19,Block_4,274,222.88,7.21
2026-05-04,19,Block_5,271,254.69,7.49
2026-05-04,19,Block_6,417,240.17,4.56
2026-05-04,19,Block_7,184,367.57,2.0
2026-05-04,19,Block_8,377,248.08,7.67
2026-05-04,19,Block_9,456,367.16,3.75
2026-05-04,19,Block_10,332,224.9,4.08
2026-05-04,19,Block_11,351,400.48,1.61
2026-05-04,19,Block_12,377,347.94,3.34
2026-05-04,19,Block_13,454,302.93,7.64
2026-05-04,19,Block_14,297,354.91,2.13
2026-05-04,19,Block_15,462,247.17,2.8
2026-05-04,20,Block_1,241,288.49,5.85
2026-05-04,20,Block_2,218,263.92,3.84
2026-05-04,20,Block_3,376,381.65,1.4
2026-05-04,20,Block_4,325,282.03,1.63
2026-05-04,20,Block_5,389,218.78,3.6
2026-05-04,20,Block_6,467,358.09,4.02
2026-05-04,20,Block_7,367,197.16,6.56
2026-05-04,20,Block_8,327,312.84,2.67
2026-05-04,20,Block_9,288,399.29,4.53
2026-05-04,20,Block_10,206,408.92,5.95
2026-05-04,20,Block_11,261,418.63,7.08
2026-05-04,20,Block_12,217,302.44,2.84
2026-05-04,20,Block_13,380,340.99,2.71
2026-05-04,20,Block_14,346,198.07,7.77
2026-05-04,20,Block_15,383,361.13,2.12
2026-05-04,21,Block_1,345,251.76,1.74
2026-05-04,21,Block_2,396,305.06,3.47
2026-05-04,21,Block_3,287,312.12,2.35
2026-05-04,21,Block_4,325,365.22,6.46
2026-05-04,21,Block_5,375,243.05,3.84
2026-05-04,21,Block_6,431,255.0,3.67
2026-05-04,21,Block_7,493,263.96,2.95
2026-05-04,21,Block_8,223,374.35,5.81
2026-05-04,21,Block_9,182,404.35,1.94
2026-05-04,21,Block_10,230,281.67,1.51
2026-05-04,21,Block_11,448,203.6,4.81
2026-05-04,21,Block_12,317,208.09,3.03
2026-05-04,21,Block_13,398,274.41,4.56
2026-05-04,21,Block_14,203,235.51,7.06
2026-05-04,21,Block_15,347,307.42,6.02
2026-05-04,22,Block_1,235,263.89,4.54
2026-05-04,22,Block_2,320,304.67,3.52
2026-05-04,22,Block_3,411,222.01,2.63
2026-05-04,22,Block_4,350,325.17,7.06
2026-05-04,22,Block_5,286,231.69,6.68
2026-05-04,22,Block_6,263,252.24,6.96
2026-05-04,22,Block_7,476,254.81,1.73
2026-05-04,22,Block_8,236,365.98,6.26
2026-05-04,22,Block_9,307,257.73,2.92
2026-05-04,22,Block_10,296,223.65,4.99
2026-05-04,22,Block_11,295,285.68,4.63
2026-05-04,22,Block_12,199,258.34,3.26
2026-05-04,22,Block_13,378,372.32,3.09
2026-05-04,22,Block_14,270,366.71,5.35
2026-05-04,22,Block_15,309,365.67,7.3
2026-05-04,23,Block_1,251,272.46,5.04
2026-05-04,23,Block_2,468,160.49,4.21
2026-05-04,23,Block_3,472,237.65,4.05
2026-05-04,23,Block_4,317,177.38,2.86
2026-05-04,23,Block_5,342,217.04,4.42
2026-05-04,23,Block_6,348,118.34,2.87
2026-05-04,23,Block_7,327,180.98,5.38
2026-05-04,23,Block_8,493,204.22,5.35
2026-05-04,23,Block_9,232,136.62,1.93
2026-05-04,23,Block_10,403,178.49,5.97
2026-05-04,23,Block_11,361,201.35,5.47
2026-05-04,23,Block_12,439,167.37,4.25
2026-05-04,23,Block_13,276,156.33,7.99
2026-05-04,23,Block_14,218,149.75,7.82
2026-05-04,23,Block_15,470,239.44,5.55
2026-05-05,0,Block_1,460,30.0,6.26
2026-05-05,0,Block_2,389,59.39,1.45
2026-05-05,0,Block_3,248,142.6,7.01
2026-05-05,0,Block_4,189,76.21,2.93
2026-05-05,0,Block_5,264,83.64,1.46
2026-05-05,0,Block_6,397,58.6,5.78
2026-05-05,0,Block_7,251,60.8,3.4
2026-05-05,0,Block_8,438,70.96,7.09
2026-05-05,0,Block_9,387,66.53,4.22
2026-05-05,0,Block_10,269,75.77,2.71
2026-05-05,0,Block_11,396,101.22,7.14
2026-05-05,0,Block_12,200,81.43,2.78
2026-05-05,0,Block_13,427,107.75,1.34
2026-05-05,0,Block_14,450,81.58,5.79
2026-05-05,0,Block_15,464,54.18,6.09
2026-05-05,1,Block_1,411,91.74,1.87
2026-05-05,1,Block_2,345,75.75,2.42
2026-05-05,1,Block_3,399,107.82,6.01
2026-05-05,1,Block_4,221,36.61,2.44
2026-05-05,1,Block_5,204,88.14,6.31
2026-05-05,1,Block_6,308,33.12,1.54
2026-05-05,1,Block_7,185,119.51,5.05
2026-05-05,1,Block_8,232,135.92,6.47
2026-05-05,1,Block_9,472,81.28,4.48
2026-05-05,1,Block_10,391,76.99,5.48
2026-05-05,1,Block_11,225,50.38,6.42
2026-05-05,1,Block_12,480,103.78,7.4
2026-05-05,1,Block_13,203,76.53,4.5
2026-05-05,1,Block_14,238,53.21,5.52
2026-05-05,1,Block_15,372,50.83,6.28
2026-05-05,2,Block_1,478,83.69,7.5
2026-05-05,2,Block_2,205,92.17,2.38
2026-05-05,2,Block_3,258,70.5,2.44
2026-05-05,2,Block_4,296,79.88,7.62
2026-05-05,2,Block_5,180,93.69,4.28
2026-05-05,2,Block_6,262,70.23,6.57
2026-05-05,2,Block_7,201,114.45,4.17
2026-05-05,2,Block_8,247,94.93,7.47
2026-05-05,2,Block_9,348,87.67,3.56
2026-05-05,2,Block_10,282,79.23,1.12
2026-05-05,2,Block_11,489,86.46,2.21
2026-05-05,2,Block_12,280,42.52,2.28
2026-05-05,2,Block_13,417,75.72,4.27
2026-05-05,2,Block_14,181,121.43,1.75
2026-05-05,2,Block_15,319,47.29,4.42
2026-05-05,3,Block_1,253,84.24,7.58
2026-05-05,3,Block_2,480,108.42,2.68
2026-05-05,3,Block_3,188,112.86,2.9
2026-05-05,3,Block_4,293,95.46,6.05
2026-05-05,3,Block_5,439,58.68,5.39
2026-05-05,3,Block_6,351,102.65,7.29
2026-05-05,3,Block_7,389,97.79,7.39
2026-05-05,3,Block_8,237,103.62,1.05
2026-05-05,3,Block_9,472,84.3,1.59
2026-05-05,3,Block_10,248,42.07,7.84
2026-05-05,3,Block_11,310,72.02,2.43
2026-05-05,3,Block_12,241,116.22,3.93
2026-05-05,3,Block_13,342,95.59,6.75
2026-05-05,3,Block_14,309,72.51,1.49
2026-05-05,3,Block_15,237,120.73,1.44
2026-05-05,4,Block_1,350,105.0,3.53
2026-05-05,4,Block_2,234,152.03,3.1
2026-05-05,4,Block_3,205,44.13,5.44
2026-05-05,4,Block_4,365,127.2,7.24
2026-05-05,4,Block_5,190,93.16,5.41
2026-05-05,4,Block_6,225,95.93,5.51
2026-05-05,4,Block_7,366,81.45,4.15
2026-05-05,4,Block_8,443,69.28,7.17
2026-05-05,4,Block_9,460,75.59,5.65
2026-05-05,4,Block_10,206,77.81,4.19
2026-05-05,4,Block_11,349,86.41,6.25
2026-05-05,4,Block_12,458,73.75,3.68
2026-05-05,4,Block_13,251,82.92,2.66
2026-05-05,4,Block_14,312,83.51,2.81
2026-05-05,4,Block_15,340,64.3,4.79
2026-05-05,5,Block_1,465,360.88,7.38
2026-05-05,5,Block_2,333,280.02,4.09
2026-05-05,5,Block_3,225,368.9,7.33
2026-05-05,5,Block_4,395,370.89,5.16
2026-05-05,5,Block_5,426,295.34,2.52
2026-05-05,5,Block_6,249,413.48,6.82
2026-05-05,5,Block_7,278,328.88,5.46
2026-05-05,5,Block_8,330,273.6,4.2
2026-05-05,5,Block_9,430,428.58,1.36
2026-05-05,5,Block_10,448,294.53,7.54
2026-05-05,5,Block_11,426,434.38,3.0
2026-05-05,5,Block_12,389,405.61,7.76
2026-05-05,5,Block_13,300,366.9,6.02
2026-05-05,5,Block_14,308,463.23,5.71
2026-05-05,5,Block_15,476,331.03,3.32
2026-05-05,6,Block_1,387,451.42,7.92
2026-05-05,6,Block_2,353,293.01,6.92
2026-05-05,6,Block_3,495,387.92,2.45
2026-05-05,6,Block_4,371,438.94,5.92
2026-05-05,6,Block_5,331,270.03,1.05
2026-05-05,6,Block_6,208,285.54,2.12
2026-05-05,6,Block_7,435,329.53,5.31
2026-05-05,6,Block_8,473,329.62,6.39
2026-05-05,6,Block_9,462,342.14,7.63
2026-05-05,6,Block_10,207,339.32,7.28
2026-05-05,6,Block_11,347,388.08,3.39
2026-05-05,6,Block_12,427,432.05,4.79
2026-05-05,6,Block_13,248,409.53,3.02
2026-05-05,6,Block_14,273,386.45,3.8
2026-05-05,6,Block_15,399,329.95,4.76
2026-05-05,7,Block_1,206,354.37,7.53
2026-05-05,7,Block_2,280,352.52,6.76
2026-05-05,7,Block_3,199,335.93,4.49
2026-05-05,7,Block_4,327,318.85,5.79
2026-05-05,7,Block_5,348,447.39,2.05
2026-05-05,7,Block_6,486,259.84,7.02
2026-05-05,7,Block_7,470,279.81,4.63
2026-05-05,7,Block_8,457,266.32,2.86
2026-05-05,7,Block_9,283,321.47,6.27
2026-05-05,7,Block_10,395,431.63,4.83
2026-05-05,7,Block_11,384,326.96,6.97
2026-05-05,7,Block_12,268,283.28,1.69
2026-05-05,7,Block_13,351,287.86,1.9
2026-05-05,7,Block_14,357,400.69,5.36
2026-05-05,7,Block_15,498,273.2,2.92
2026-05-05,8,Block_1,459,391.85,6.62
2026-05-05,8,Block_2,239,409.41,3.02
2026-05-05,8,Block_3,330,262.61,6.97
2026-05-05,8,Block_4,458,272.97,4.59
2026-05-05,8,Block_5,272,434.52,3.76
2026-05-05,8,Block_6,330,350.05,3.37
2026-05-05,8,Block_7,410,295.6,4.88
2026-05-05,8,Block_8,196,433.75,7.42
2026-05-05,8,Block_9,299,304.33,4.41
2026-05-05,8,Block_10,190,330.81,3.14
2026-05-05,8,Block_11,432,451.29,4.13
2026-05-05,8,Block_12,191,244.7,3.09
2026-05-05,8,Block_13,357,253.34,3.3
2026-05-05,8,Block_14,462,371.28,6.32
2026-05-05,8,Block_15,316,313.86,5.97
2026-05-05,9,Block_1,282,440.27,3.37
2026-05-05,9,Block_2,280,242.9,2.43
2026-05-05,9,Block_3,378,439.3,3.47
2026-05-05,9,Block_4,210,370.42,3.23
2026-05-05,9,Block_5,203,408.43,7.61
2026-05-05,9,Block_6,204,339.73,3.25
2026-05-05,9,Block_7,361,330.29,5.7
2026-05-05,9,Block_8,232,428.96,1.77
2026-05-05,9,Block_9,279,418.4,6.09
2026-05-05,9,Block_10,194,423.02,2.99
2026-05-05,9,Block_11,286,349.93,1.54
2026-05-05,9,Block_12,263,392.71,1.72
2026-05-05,9,Block_13,238,269.17,6.61
2026-05-05,9,Block_14,373,329.92,1.76
2026-05-05,9,Block_15,229,439.86,1.19
2026-05-05,10,Block_1,360,267.41,6.07
2026-05-05,10,Block_2,200,145.2,6.22
2026-05-05,10,Block_3,390,150.33,5.66
2026-05-05,10,Block_4,330,168.75,3.61
2026-05-05,10,Block_5,188,161.62,2.43
2026-05-05,10,Block_6,422,233.18,2.96
2026-05-05,10,Block_7,222,203.69,2.12
2026-05-05,10,Block_8,437,204.69,6.06
2026-05-05,10,Block_9,314,172.12,1.77
2026-05-05,10,Block_10,441,177.1,2.8
2026-05-05,10,Block_11,408,208.07,1.71
2026-05-05,10,Block_12,272,254.43,7.49
2026-05-05,10,Block_13,389,255.16,3.21
2026-05-05,10,Block_14,416,257.92,5.85
2026-05-05,10,Block_15,440,222.03,1.73
2026-05-05,11,Block_1,354,147.17,1.11
2026-05-05,11,Block_2,405,181.29,3.53
2026-05-05,11,Block_3,232,214.35,1.85
2026-05-05,11,Block_4,291,223.45,4.52
2026-05-05,11,Block_5,402,226.95,3.69
2026-05-05,11,Block_6,419,165.23,3.48
2026-05-05,11,Block_7,469,201.91,4.81
2026-05-05,11,Block_8,188,154.24,6.3
2026-05-05,11,Block_9,257,151.29,1.6
2026-05-05,11,Block_10,298,142.89,3.01
2026-05-05,11,Block_11,326,180.23,5.34
2026-05-05,11,Block_12,385,242.06,2.51
2026-05-05,11,Block_13,441,197.6,1.68
2026-05-05,11,Block_14,401,230.56,5.7
2026-05-05,11,Block_15,425,259.81,3.55
2026-05-05,12,Block_1,185,234.8,2.36
2026-05-05,12,Block_2,414,145.06,3.69
2026-05-05,12,Block_3,467,168.59,7.07
2026-05-05,12,Block_4,316,215.6,2.0
2026-05-05,12,Block_5,263,193.2,5.89
2026-05-05,12,Block_6,457,140.79,6.48
2026-05-05,12,Block_7,474,115.92,4.4
2026-05-05,12,Block_8,398,199.17,1.09
2026-05-05,12,Block_9,258,160.79,6.66
2026-05-05,12,Block_10,400,126.59,2.94
2026-05-05,12,Block_11,384,227.58,5.04
2026-05-05,12,Block_12,300,235.39,3.52
2026-05-05,12,Block_13,492,177.44,3.98
2026-05-05,12,Block_14,356,117.86,1.26
2026-05-05,12,Block_15,297,112.84,2.87
2026-05-05,13,Block_1,235,171.68,6.34
2026-05-05,13,Block_2,447,175.89,2.73
2026-05-05,13,Block_3,375,231.87,6.78
2026-05-05,13,Block_4,404,135.25,2.88
2026-05-05,13,Block_5,411,238.82,7.69
2026-05-05,13,Block_6,471,218.84,6.94
2026-05-05,13,Block_7,293,229.93,5.08
2026-05-05,13,Block_8,455,127.71,7.41
2026-05-05,13,Block_9,449,240.12,2.47
2026-05-05,13,Block_10,264,216.86,5.07
2026-05-05,13,Block_11,246,193.25,7.94
2026-05-05,13,Block_12,298,152.59,4.95
2026-05-05,13,Block_13,468,193.74,5.85
2026-05-05,13,Block_14,383,119.51,2.95
2026-05-05,13,Block_15,243,224.56,7.18
2026-05-05,14,Block_1,199,238.96,7.72
2026-05-05,14,Block_2,360,199.05,3.09
2026-05-05,14,Block_3,269,207.57,2.46
2026-05-05,14,Block_4,252,187.15,3.18
2026-05-05,14,Block_5,282,221.13,6.33
2026-05-05,14,Block_6,342,235.06,3.35
2026-05-05,14,Block_7,389,180.25,3.71
2026-05-05,14,Block_8,363,235.03,4.44
2026-05-05,14,Block_9,249,191.13,4.94
2026-05-05,14,Block_10,457,167.72,1.15
2026-05-05,14,Block_11,455,261.13,1.23
2026-05-05,14,Block_12,283,240.49,4.02
2026-05-05,14,Block_13,233,241.98,5.23
2026-05-05,14,Block_14,314,164.57,1.44
2026-05-05,14,Block_15,223,269.92,5.84
2026-05-05,15,Block_1,287,161.52,3.5
2026-05-05,15,Block_2,494,163.18,7.63
2026-05-05,15,Block_3,369,144.39,5.55
2026-05-05,15,Block_4,324,198.53,1.82
2026-05-05,15,Block_5,261,139.62,3.52
2026-05-05,15,Block_6,262,176.45,7.79
2026-05-05,15,Block_7,356,147.03,2.94
2026-05-05,15,Block_8,490,184.85,2.52
2026-05-05,15,Block_9,413,244.61,6.46
2026-05-05,15,Block_10,404,187.46,7.88
2026-05-05,15,Block_11,262,160.97,5.78
2026-05-05,15,Block_12,259,214.31,7.12
2026-05-05,15,Block_13,194,169.86,4.76
2026-05-05,15,Block_14,375,141.52,2.48
2026-05-05,15,Block_15,472,206.73,7.99
2026-05-05,16,Block_1,198,262.04,1.56
2026-05-05,16,Block_2,382,152.53,7.48
2026-05-05,16,Block_3,205,195.96,1.53
2026-05-05,16,Block_4,373,202.47,5.25
2026-05-05,16,Block_5,292,193.87,4.91
2026-05-05,16,Block_6,372,204.13,4.52
2026-05-05,16,Block_7,189,142.46,4.09
2026-05-05,16,Block_8,231,161.51,2.81
2026-05-05,16,Block_9,272,154.69,2.98
2026-05-05,16,Block_10,439,140.09,3.49
2026-05-05,16,Block_11,268,198.06,6.23
2026-05-05,16,Block_12,407,215.68,5.46
2026-05-05,16,Block_13,323,161.75,6.78
2026-05-05,16,Block_14,454,115.46,7.59
2026-05-05,16,Block_15,265,179.64,1.61
2026-05-05,17,Block_1,320,344.62,1.34
2026-05-05,17,Block_2,331,288.99,5.87
2026-05-05,17,Block_3,370,314.62,1.82
2026-05-05,17,Block_4,351,395.0,7.45
2026-05-05,17,Block_5,382,324.74,4.64
2026-05-05,17,Block_6,395,281.09,6.47
2026-05-05,17,Block_7,201,286.84,5.64
2026-05-05,17,Block_8,304,359.34,3.96
2026-05-05,17,Block_9,432,301.51,5.56
2026-05-05,17,Block_10,372,333.87,6.73
2026-05-05,17,Block_11,447,220.53,4.89
2026-05-05,17,Block_12,318,273.12,6.72
2026-05-05,17,Block_13,493,389.74,1.49
2026-05-05,17,Block_14,466,344.96,5.11
2026-05-05,17,Block_15,438,217.15,5.21
2026-05-05,18,Block_1,235,303.55,2.87
2026-05-05,18,Block_2,482,353.06,7.25
2026-05-05,18,Block_3,261,279.06,3.24
2026-05-05,18,Block_4,333,248.5,2.05
2026-05-05,18,Block_5,477,272.93,6.11
2026-05-05,18,Block_6,392,365.97,6.23
2026-05-05,18,Block_7,267,364.78,1.51
2026-05-05,18,Block_8,465,361.23,2.95
2026-05-05,18,Block_9,449,281.79,7.11
2026-05-05,18,Block_10,205,396.75,1.3
2026-05-05,18,Block_11,417,441.82,7.13
2026-05-05,18,Block_12,474,305.67,3.08
2026-05-05,18,Block_13,317,261.54,6.53
2026-05-05,18,Block_14,467,291.41,4.38
2026-05-05,18,Block_15,235,214.63,5.27
2026-05-05,19,Block_1,410,320.74,1.03
2026-05-05,19,Block_2,201,350.27,4.22
2026-05-05,19,Block_3,224,398.25,1.69
2026-05-05,19,Block_4,329,333.51,2.53
2026-05-05,19,Block_5,451,209.97,6.41
2026-05-05,19,Block_6,390,257.56,6.22
2026-05-05,19,Block_7,340,271.32,7.0
2026-05-05,19,Block_8,367,235.13,2.57
2026-05-05,19,Block_9,216,361.81,4.94
2026-05-05,19,Block_10,432,311.5,2.67
2026-05-05,19,Block_11,221,324.69,5.75
2026-05-05,19,Block_12,450,318.39,8.0
2026-05-05,19,Block_13,220,289.77,5.11
2026-05-05,19,Block_14,415,280.12,4.15
2026-05-05,19,Block_15,239,251.87,1.44
2026-05-05,20,Block_1,367,288.24,2.15
2026-05-05,20,Block_2,193,298.62,4.64
2026-05-05,20,Block_3,187,276.92,3.3
2026-05-05,20,Block_4,283,278.56,2.1
2026-05-05,20,Block_5,208,298.9,3.19
2026-05-05,20,Block_6,474,225.14,4.87
2026-05-05,20,Block_7,367,242.16,6.1
2026-05-05,20,Block_8,410,324.1,6.78
2026-05-05,20,Block_9,244,280.89,1.75
2026-05-05,20,Block_10,402,264.34,7.99
2026-05-05,20,Block_11,286,331.49,2.04
2026-05-05,20,Block_12,477,229.43,3.56
2026-05-05,20,Block_13,302,285.04,6.52
2026-05-05,20,Block_14,376,422.22,1.7
2026-05-05,20,Block_15,199,350.4,6.65
2026-05-05,21,Block_1,233,319.27,7.55
2026-05-05,21,Block_2,444,365.06,6.67
2026-05-05,21,Block_3,373,365.43,4.62
2026-05-05,21,Block_4,383,378.24,7.74
2026-05-05,21,Block_5,232,224.93,3.26
2026-05-05,21,Block_6,225,275.72,3.54
2026-05-05,21,Block_7,296,353.19,3.02
2026-05-05,21,Block_8,456,386.3,5.14
2026-05-05,21,Block_9,380,394.25,3.32
2026-05-05,21,Block_10,221,327.25,3.17
2026-05-05,21,Block_11,290,312.86,7.52
2026-05-05,21,Block_12,454,335.78,6.47
2026-05-05,21,Block_13,254,339.06,5.44
2026-05-05,21,Block_14,235,335.14,7.36
2026-05-05,21,Block_15,396,238.23,2.26
2026-05-05,22,Block_1,252,345.97,7.71
2026-05-05,22,Block_2,361,304.13,3.3
2026-05-05,22,Block_3,476,276.8,4.35
2026-05-05,22,Block_4,335,314.28,1.21
2026-05-05,22,Block_5,311,281.59,4.26
2026-05-05,22,Block_6,432,358.42,4.57
2026-05-05,22,Block_7,453,245.88,6.84
2026-05-05,22,Block_8,493,282.62,1.81
2026-05-05,22,Block_9,389,333.28,3.95
2026-05-05,22,Block_10,402,342.66,6.34
2026-05-05,22,Block_11,407,303.86,6.61
2026-05-05,22,Block_12,344,391.68,1.41
2026-05-05,22,Block_13,470,266.37,5.54
2026-05-05,22,Block_14,334,210.08,4.72
2026-05-05,22,Block_15,226,317.48,6.69
2026-05-05,23,Block_1,318,206.93,1.28
2026-05-05,23,Block_2,183,211.52,5.54
2026-05-05,23,Block_3,285,248.99,1.65
2026-05-05,23,Block_4,454,164.65,1.37
2026-05-05,23,Block_5,424,145.51,3.68
2026-05-05,23,Block_6,384,252.79,6.68
2026-05-05,23,Block_7,322,219.52,4.96
2026-05-05,23,Block_8,291,172.38,6.53
2026-05-05,23,Block_9,304,117.98,6.74
2026-05-05,23,Block_10,238,136.66,5.74
2026-05-05,23,Block_11,425,170.74,3.8
2026-05-05,23,Block_12,194,229.81,7.09
2026-05-05,23,Block_13,404,198.78,6.95
2026-05-05,23,Block_14,413,131.43,5.21
2026-05-05,23,Block_15,336,180.97,6.24
2026-05-06,0,Block_1,267,104.31,1.27
2026-05-06,0,Block_2,225,46.36,3.28
2026-05-06,0,Block_3,312,81.62,4.01
2026-05-06,0,Block_4,295,94.92,6.62
2026-05-06,0,Block_5,329,92.96,5.86
2026-05-06,0,Block_6,228,30.0,6.75
2026-05-06,0,Block_7,398,81.92,5.63
2026-05-06,0,Block_8,450,79.61,4.73
2026-05-06,0,Block_9,199,109.98,2.74
2026-05-06,0,Block_10,188,80.8,7.32
2026-05-06,0,Block_11,486,91.01,7.26
2026-05-06,0,Block_12,370,50.01,7.01
2026-05-06,0,Block_13,347,65.54,3.81
2026-05-06,0,Block_14,331,110.56,2.07
2026-05-06,0,Block_15,327,81.14,5.45
2026-05-06,1,Block_1,273,108.21,4.14
2026-05-06,1,Block_2,204,144.81,6.49
2026-05-06,1,Block_3,369,75.37,1.55
2026-05-06,1,Block_4,193,119.1,2.44
2026-05-06,1,Block_5,284,53.28,7.51
2026-05-06,1,Block_6,188,76.2,4.43
2026-05-06,1,Block_7,436,57.73,3.83
2026-05-06,1,Block_8,386,86.75,4.64
2026-05-06,1,Block_9,290,86.83,5.21
2026-05-06,1,Block_10,462,76.53,7.47
2026-05-06,1,Block_11,247,72.29,7.81
2026-05-06,1,Block_12,242,146.87,5.46
2026-05-06,1,Block_13,339,120.82,3.85
2026-05-06,1,Block_14,373,31.59,5.54
2026-05-06,1,Block_15,252,108.96,7.46
2026-05-06,2,Block_1,244,99.5,1.89
2026-05-06,2,Block_2,473,61.14,2.93
2026-05-06,2,Block_3,283,107.17,3.25
2026-05-06,2,Block_4,237,36.49,5.65
2026-05-06,2,Block_5,432,67.38,3.91
2026-05-06,2,Block_6,392,96.41,4.62
2026-05-06,2,Block_7,418,118.19,1.46
2026-05-06,2,Block_8,288,147.33,1.86
2026-05-06,2,Block_9,397,89.63,4.37
2026-05-06,2,Block_10,421,104.48,4.23
2026-05-06,2,Block_11,209,153.32,2.14
2026-05-06,2,Block_12,444,104.05,7.89
2026-05-06,2,Block_13,448,50.35,6.42
2026-05-06,2,Block_14,469,143.16,7.54
2026-05-06,2,Block_15,450,78.07,6.28
2026-05-06,3,Block_1,262,51.76,1.73
2026-05-06,3,Block_2,258,56.34,6.76
2026-05-06,3,Block_3,205,114.18,7.05
2026-05-06,3,Block_4,252,80.95,5.28
2026-05-06,3,Block_5,432,113.43,4.38
2026-05-06,3,Block_6,454,84.73,6.65
2026-05-06,3,Block_7,335,88.5,5.57
2026-05-06,3,Block_8,452,69.92,7.87
2026-05-06,3,Block_9,290,101.06,2.23
2026-05-06,3,Block_10,377,85.18,5.24
2026-05-06,3,Block_11,436,159.49,2.23
2026-05-06,3,Block_12,375,49.02,1.92
2026-05-06,3,Block_13,281,69.17,1.79
2026-05-06,3,Block_14,465,120.79,4.43
2026-05-06,3,Block_15,429,93.74,7.6
2026-05-06,4,Block_1,227,79.86,1.5
2026-05-06,4,Block_2,382,85.89,1.75
2026-05-06,4,Block_3,423,74.85,1.08
2026-05-06,4,Block_4,269,62.91,7.27
2026-05-06,4,Block_5,400,69.75,7.02
2026-05-06,4,Block_6,366,58.49,3.37
2026-05-06,4,Block_7,428,116.48,5.29
2026-05-06,4,Block_8,181,81.03,6.74
2026-05-06,4,Block_9,378,131.0,5.2
2026-05-06,4,Block_10,386,98.81,2.14
2026-05-06,4,Block_11,336,30.0,4.08
2026-05-06,4,Block_12,235,117.52,1.31
2026-05-06,4,Block_13,320,89.95,6.5
2026-05-06,4,Block_14,384,108.04,3.29
2026-05-06,4,Block_15,472,73.6,2.34
2026-05-06,5,Block_1,471,375.9,1.86
2026-05-06,5,Block_2,227,296.83,1.5
2026-05-06,5,Block_3,436,427.79,7.95
2026-05-06,5,Block_4,217,308.07,1.35
2026-05-06,5,Block_5,227,308.21,2.98
2026-05-06,5,Block_6,235,416.32,6.9
2026-05-06,5,Block_7,460,342.05,5.5
2026-05-06,5,Block_8,228,385.39,5.57
2026-05-06,5,Block_9,324,320.25,4.01
2026-05-06,5,Block_10,240,402.63,7.21
2026-05-06,5,Block_11,357,462.06,2.06
2026-05-06,5,Block_12,450,400.28,6.39
2026-05-06,5,Block_13,267,342.26,7.07
2026-05-06,5,Block_14,268,405.5,3.82
2026-05-06,5,Block_15,240,312.28,6.17
2026-05-06,6,Block_1,481,234.32,5.03
2026-05-06,6,Block_2,496,434.6,3.47
2026-05-06,6,Block_3,314,329.59,7.45
2026-05-06,6,Block_4,489,407.84,3.45
2026-05-06,6,Block_5,406,303.02,4.18
2026-05-06,6,Block_6,462,358.77,3.31
2026-05-06,6,Block_7,214,336.87,4.47
2026-05-06,6,Block_8,301,399.37,2.23
2026-05-06,6,Block_9,329,387.46,5.94
2026-05-06,6,Block_10,347,403.07,3.61
2026-05-06,6,Block_11,316,460.06,5.05
2026-05-06,6,Block_12,305,448.84,5.23
2026-05-06,6,Block_13,374,322.44,3.54
2026-05-06,6,Block_14,283,280.68,6.45
2026-05-06,6,Block_15,266,280.59,5.06
2026-05-06,7,Block_1,190,345.11,3.0
2026-05-06,7,Block_2,466,380.21,1.17
2026-05-06,7,Block_3,286,457.24,6.69
2026-05-06,7,Block_4,302,307.6,1.13
2026-05-06,7,Block_5,274,351.38,2.05
2026-05-06,7,Block_6,433,316.24,3.55
2026-05-06,7,Block_7,395,284.89,2.23
2026-05-06,7,Block_8,269,398.95,4.04
2026-05-06,7,Block_9,231,225.79,4.8
2026-05-06,7,Block_10,246,433.86,2.27
2026-05-06,7,Block_11,247,308.6,3.73
2026-05-06,7,Block_12,295,414.22,4.28
2026-05-06,7,Block_13,253,438.77,5.65
2026-05-06,7,Block_14,202,405.5,3.0
2026-05-06,7,Block_15,180,304.42,7.28
2026-05-06,8,Block_1,464,280.63,1.04
2026-05-06,8,Block_2,355,440.01,5.96
2026-05-06,8,Block_3,412,317.65,2.79
2026-05-06,8,Block_4,220,281.43,4.21
2026-05-06,8,Block_5,267,281.49,4.48
2026-05-06,8,Block_6,423,433.31,2.58
2026-05-06,8,Block_7,353,410.26,4.36
2026-05-06,8,Block_8,223,386.43,3.61
2026-05-06,8,Block_9,234,304.44,6.83
2026-05-06,8,Block_10,377,338.48,3.16
2026-05-06,8,Block_11,291,321.83,3.79
2026-05-06,8,Block_12,220,322.29,7.1
2026-05-06,8,Block_13,366,376.33,3.4
2026-05-06,8,Block_14,288,314.04,3.83
2026-05-06,8,Block_15,299,315.62,5.19
2026-05-06,9,Block_1,330,439.87,4.99
2026-05-06,9,Block_2,275,407.92,1.55
2026-05-06,9,Block_3,311,407.02,6.83
2026-05-06,9,Block_4,300,422.88,1.91
2026-05-06,9,Block_5,218,254.64,3.29
2026-05-06,9,Block_6,468,409.31,2.3
2026-05-06,9,Block_7,397,345.15,5.27
2026-05-06,9,Block_8,466,325.92,3.0
2026-05-06,9,Block_9,294,366.44,6.05
2026-05-06,9,Block_10,358,335.85,7.71
2026-05-06,9,Block_11,378,408.94,2.91
2026-05-06,9,Block_12,326,267.09,6.85
2026-05-06,9,Block_13,264,417.68,6.52
2026-05-06,9,Block_14,477,334.74,6.82
2026-05-06,9,Block_15,417,260.39,3.93
2026-05-06,10,Block_1,196,203.06,6.46
2026-05-06,10,Block_2,486,195.45,5.01
2026-05-06,10,Block_3,402,136.51,2.79
2026-05-06,10,Block_4,307,162.21,6.67
2026-05-06,10,Block_5,216,229.05,1.79
2026-05-06,10,Block_6,190,167.18,7.44
2026-05-06,10,Block_7,236,148.83,6.74
2026-05-06,10,Block_8,212,125.43,6.22
2026-05-06,10,Block_9,369,182.58,2.57
2026-05-06,10,Block_10,276,193.2,5.7
2026-05-06,10,Block_11,444,139.03,5.73
2026-05-06,10,Block_12,187,201.62,2.55
2026-05-06,10,Block_13,302,257.22,5.26
2026-05-06,10,Block_14,259,122.34,7.26
2026-05-06,10,Block_15,315,181.03,1.08
2026-05-06,11,Block_1,274,246.38,7.33
2026-05-06,11,Block_2,410,214.03,2.32
2026-05-06,11,Block_3,414,219.87,3.07
2026-05-06,11,Block_4,339,224.58,3.78
2026-05-06,11,Block_5,324,163.29,7.48
2026-05-06,11,Block_6,448,186.45,7.03
2026-05-06,11,Block_7,393,156.53,5.55
2026-05-06,11,Block_8,218,148.69,5.04
2026-05-06,11,Block_9,246,153.45,6.87
2026-05-06,11,Block_10,202,204.9,7.45
2026-05-06,11,Block_11,451,198.73,1.32
2026-05-06,11,Block_12,408,250.02,2.15
2026-05-06,11,Block_13,228,258.26,3.24
2026-05-06,11,Block_14,357,137.4,2.03
2026-05-06,11,Block_15,274,139.35,4.34
2026-05-06,12,Block_1,433,267.92,1.27
2026-05-06,12,Block_2,209,211.33,3.5
2026-05-06,12,Block_3,387,202.06,6.09
2026-05-06,12,Block_4,256,219.5,2.22
2026-05-06,12,Block_5,289,166.17,7.82
2026-05-06,12,Block_6,336,135.62,3.04
2026-05-06,12,Block_7,310,149.29,2.21
2026-05-06,12,Block_8,209,254.01,6.38
2026-05-06,12,Block_9,495,187.17,3.14
2026-05-06,12,Block_10,478,165.69,7.55
2026-05-06,12,Block_11,269,252.08,7.28
2026-05-06,12,Block_12,257,103.85,5.51
2026-05-06,12,Block_13,283,134.1,1.34
2026-05-06,12,Block_14,402,204.47,1.64
2026-05-06,12,Block_15,385,208.09,4.06
2026-05-06,13,Block_1,344,181.44,2.01
2026-05-06,13,Block_2,397,178.99,1.99
2026-05-06,13,Block_3,198,246.14,2.24
2026-05-06,13,Block_4,219,174.73,1.38
2026-05-06,13,Block_5,367,213.25,4.69
2026-05-06,13,Block_6,316,191.66,6.67
2026-05-06,13,Block_7,238,194.64,6.09
2026-05-06,13,Block_8,449,174.5,2.14
2026-05-06,13,Block_9,358,246.84,4.24
2026-05-06,13,Block_10,368,124.92,3.12
2026-05-06,13,Block_11,349,166.07,6.24
2026-05-06,13,Block_12,197,217.25,7.24
2026-05-06,13,Block_13,298,107.35,7.55
2026-05-06,13,Block_14,378,159.68,5.37
2026-05-06,13,Block_15,482,102.9,3.37
2026-05-06,14,Block_1,201,124.57,2.74
2026-05-06,14,Block_2,250,195.19,6.25
2026-05-06,14,Block_3,377,184.67,1.22
2026-05-06,14,Block_4,265,178.67,4.5
2026-05-06,14,Block_5,436,153.13,3.74
2026-05-06,14,Block_6,249,150.14,6.99
2026-05-06,14,Block_7,433,171.72,2.89
2026-05-06,14,Block_8,354,223.87,1.81
2026-05-06,14,Block_9,338,211.21,6.04
2026-05-06,14,Block_10,410,230.83,1.4
2026-05-06,14,Block_11,404,201.61,4.22
2026-05-06,14,Block_12,414,213.13,4.97
2026-05-06,14,Block_13,405,129.73,3.88
2026-05-06,14,Block_14,255,247.22,7.61
2026-05-06,14,Block_15,479,153.14,4.92
2026-05-06,15,Block_1,408,112.09,7.34
2026-05-06,15,Block_2,385,198.73,3.88
2026-05-06,15,Block_3,290,143.98,6.9
2026-05-06,15,Block_4,323,144.44,1.23
2026-05-06,15,Block_5,475,193.91,4.59
2026-05-06,15,Block_6,362,225.02,2.62
2026-05-06,15,Block_7,402,233.84,2.39
2026-05-06,15,Block_8,363,232.95,5.39
2026-05-06,15,Block_9,314,224.06,5.2
2026-05-06,15,Block_10,314,184.76,7.58
2026-05-06,15,Block_11,400,248.48,5.58
2026-05-06,15,Block_12,423,115.29,3.91
2026-05-06,15,Block_13,210,215.68,4.46
2026-05-06,15,Block_14,325,204.28,3.22
2026-05-06,15,Block_15,352,228.8,4.43
2026-05-06,16,Block_1,200,118.48,7.19
2026-05-06,16,Block_2,306,181.88,1.31
2026-05-06,16,Block_3,267,223.6,3.05
2026-05-06,16,Block_4,436,154.95,5.76
2026-05-06,16,Block_5,275,141.49,6.38
2026-05-06,16,Block_6,423,160.08,1.76
2026-05-06,16,Block_7,230,173.77,3.2
2026-05-06,16,Block_8,347,235.49,2.18
2026-05-06,16,Block_9,376,199.33,3.27
2026-05-06,16,Block_10,386,145.21,4.33
2026-05-06,16,Block_11,361,121.26,7.31
2026-05-06,16,Block_12,336,152.05,3.42
2026-05-06,16,Block_13,217,270.7,7.26
2026-05-06,16,Block_14,350,218.16,1.27
2026-05-06,16,Block_15,423,155.88,7.87
2026-05-06,17,Block_1,401,259.08,5.46
2026-05-06,17,Block_2,438,352.82,7.34
2026-05-06,17,Block_3,476,341.13,6.12
2026-05-06,17,Block_4,376,325.2,2.48
2026-05-06,17,Block_5,448,296.98,6.49
2026-05-06,17,Block_6,240,391.03,6.55
2026-05-06,17,Block_7,383,387.75,5.26
2026-05-06,17,Block_8,373,392.57,2.91
2026-05-06,17,Block_9,337,343.18,3.12
2026-05-06,17,Block_10,400,353.83,7.94
2026-05-06,17,Block_11,483,381.6,6.75
2026-05-06,17,Block_12,267,224.22,5.72
2026-05-06,17,Block_13,407,351.74,2.55
2026-05-06,17,Block_14,379,330.65,4.31
2026-05-06,17,Block_15,413,284.08,4.49
2026-05-06,18,Block_1,327,382.8,5.12
2026-05-06,18,Block_2,240,374.9,6.44
2026-05-06,18,Block_3,422,293.56,2.72
2026-05-06,18,Block_4,261,345.28,2.88
2026-05-06,18,Block_5,191,242.69,1.37
2026-05-06,18,Block_6,450,243.67,1.72
2026-05-06,18,Block_7,241,247.66,6.64
2026-05-06,18,Block_8,428,260.06,1.79
2026-05-06,18,Block_9,211,299.88,7.38
2026-05-06,18,Block_10,315,411.3,2.64
2026-05-06,18,Block_11,474,304.73,5.42
2026-05-06,18,Block_12,195,261.15,4.14
2026-05-06,18,Block_13,254,323.97,3.9
2026-05-06,18,Block_14,220,328.5,2.75
2026-05-06,18,Block_15,445,277.41,3.59
2026-05-06,19,Block_1,444,233.04,6.17
2026-05-06,19,Block_2,227,277.26,4.71
2026-05-06,19,Block_3,247,293.65,2.68
2026-05-06,19,Block_4,387,274.41,2.61
2026-05-06,19,Block_5,438,310.6,1.58
2026-05-06,19,Block_6,367,369.14,4.09
2026-05-06,19,Block_7,251,301.74,7.68
2026-05-06,19,Block_8,294,385.03,4.0
2026-05-06,19,Block_9,193,245.04,1.88
2026-05-06,19,Block_10,221,358.2,5.64
2026-05-06,19,Block_11,252,372.71,2.7
2026-05-06,19,Block_12,489,380.6,4.71
2026-05-06,19,Block_13,218,329.32,5.58
2026-05-06,19,Block_14,302,236.69,7.54
2026-05-06,19,Block_15,383,366.09,5.26
2026-05-06,20,Block_1,376,215.94,6.53
2026-05-06,20,Block_2,272,212.42,4.77
2026-05-06,20,Block_3,387,376.32,1.84
2026-05-06,20,Block_4,497,380.15,7.66
2026-05-06,20,Block_5,370,329.16,3.14
2026-05-06,20,Block_6,311,294.83,1.72
2026-05-06,20,Block_7,467,278.45,6.57
2026-05-06,20,Block_8,249,365.79,3.82
2026-05-06,20,Block_9,238,230.68,7.74
2026-05-06,20,Block_10,260,239.67,3.63
2026-05-06,20,Block_11,233,309.42,1.37
2026-05-06,20,Block_12,247,320.59,5.56
2026-05-06,20,Block_13,490,237.93,5.62
2026-05-06,20,Block_14,354,238.16,1.05
2026-05-06,20,Block_15,272,286.68,7.97
2026-05-06,21,Block_1,196,280.77,7.55
2026-05-06,21,Block_2,189,349.21,1.14
2026-05-06,21,Block_3,379,321.65,5.74
2026-05-06,21,Block_4,395,404.18,4.97
2026-05-06,21,Block_5,498,210.25,4.27
2026-05-06,21,Block_6,445,327.76,6.68
2026-05-06,21,Block_7,391,276.91,1.74
2026-05-06,21,Block_8,418,353.26,3.07
2026-05-06,21,Block_9,442,260.71,2.74
2026-05-06,21,Block_10,406,239.6,5.07
2026-05-06,21,Block_11,435,272.91,1.68
2026-05-06,21,Block_12,488,261.79,5.92
2026-05-06,21,Block_13,406,261.46,5.97
2026-05-06,21,Block_14,363,298.11,1.17
2026-05-06,21,Block_15,472,331.57,5.67
2026-05-06,22,Block_1,470,371.31,6.58
2026-05-06,22,Block_2,452,381.84,7.87
2026-05-06,22,Block_3,187,251.54,6.55
2026-05-06,22,Block_4,412,295.49,5.87
2026-05-06,22,Block_5,382,352.8,1.49
2026-05-06,22,Block_6,390,445.81,1.24
2026-05-06,22,Block_7,316,225.29,5.26
2026-05-06,22,Block_8,323,341.48,6.06
2026-05-06,22,Block_9,293,366.89,6.58
2026-05-06,22,Block_10,199,310.02,5.85
2026-05-06,22,Block_11,267,322.58,2.33
2026-05-06,22,Block_12,347,327.2,5.89
2026-05-06,22,Block_13,476,435.44,1.14
2026-05-06,22,Block_14,226,247.27,1.87
2026-05-06,22,Block_15,479,229.99,6.35
2026-05-06,23,Block_1,261,267.2,5.48
2026-05-06,23,Block_2,325,173.4,7.62
2026-05-06,23,Block_3,237,221.05,7.0
2026-05-06,23,Block_4,487,190.4,1.92
2026-05-06,23,Block_5,273,242.08,2.48
2026-05-06,23,Block_6,331,196.84,7.32
2026-05-06,23,Block_7,433,203.24,5.34
2026-05-06,23,Block_8,349,241.92,6.5
2026-05-06,23,Block_9,236,134.81,5.03
2026-05-06,23,Block_10,352,177.07,2.26
2026-05-06,23,Block_11,226,149.31,6.12
2026-05-06,23,Block_12,287,223.06,4.05
2026-05-06,23,Block_13,414,245.74,7.25
2026-05-06,23,Block_14,428,170.7,6.69
2026-05-06,23,Block_15,345,200.94,7.78
2026-05-07,0,Block_1,250,58.68,1.79
2026-05-07,0,Block_2,364,55.44,6.2
2026-05-07,0,Block_3,277,87.03,2.2
2026-05-07,0,Block_4,256,37.95,2.19
2026-05-07,0,Block_5,356,69.95,2.81
2026-05-07,0,Block_6,256,112.84,5.17
2026-05-07,0,Block_7,417,118.36,5.24
2026-05-07,0,Block_8,347,98.74,4.15
2026-05-07,0,Block_9,483,88.35,7.7
2026-05-07,0,Block_10,193,93.97,4.18
2026-05-07,0,Block_11,216,30.0,2.69
2026-05-07,0,Block_12,375,53.85,7.86
2026-05-07,0,Block_13,214,103.47,4.17
2026-05-07,0,Block_14,310,119.11,3.65
2026-05-07,0,Block_15,431,48.88,2.6
2026-05-07,1,Block_1,256,46.97,3.16
2026-05-07,1,Block_2,384,36.57,2.39
2026-05-07,1,Block_3,211,91.7,7.73
2026-05-07,1,Block_4,407,30.02,1.15
2026-05-07,1,Block_5,462,146.93,2.45
2026-05-07,1,Block_6,413,86.46,2.26
2026-05-07,1,Block_7,355,93.21,1.82
2026-05-07,1,Block_8,386,45.1,1.81
2026-05-07,1,Block_9,235,141.34,6.17
2026-05-07,1,Block_10,267,111.63,7.7
2026-05-07,1,Block_11,361,87.3,6.62
2026-05-07,1,Block_12,424,125.28,2.77
2026-05-07,1,Block_13,490,30.0,2.54
2026-05-07,1,Block_14,451,69.13,4.11
2026-05-07,1,Block_15,482,69.12,3.74
2026-05-07,2,Block_1,256,58.97,1.77
2026-05-07,2,Block_2,379,77.64,4.6
2026-05-07,2,Block_3,240,99.3,1.95
2026-05-07,2,Block_4,436,74.98,7.85
2026-05-07,2,Block_5,456,159.6,1.98
2026-05-07,2,Block_6,441,129.21,1.0
2026-05-07,2,Block_7,304,106.49,7.46
2026-05-07,2,Block_8,218,111.08,3.24
2026-05-07,2,Block_9,236,81.03,4.38
2026-05-07,2,Block_10,241,73.69,6.56
2026-05-07,2,Block_11,313,124.42,1.75
2026-05-07,2,Block_12,200,50.59,5.76
2026-05-07,2,Block_13,322,102.69,1.13
2026-05-07,2,Block_14,221,111.7,3.27
2026-05-07,2,Block_15,232,114.47,4.3
2026-05-07,3,Block_1,465,137.67,7.02
2026-05-07,3,Block_2,471,46.02,4.6
2026-05-07,3,Block_3,400,84.94,1.67
2026-05-07,3,Block_4,228,97.63,3.89
2026-05-07,3,Block_5,413,46.32,5.16
2026-05-07,3,Block_6,272,85.4,5.65
2026-05-07,3,Block_7,299,104.37,6.54
2026-05-07,3,Block_8,314,52.29,1.55
2026-05-07,3,Block_9,434,87.39,2.88
2026-05-07,3,Block_10,421,96.91,1.49
2026-05-07,3,Block_11,391,128.36,2.51
2026-05-07,3,Block_12,279,30.0,2.55
2026-05-07,3,Block_13,469,30.0,6.34
2026-05-07,3,Block_14,194,134.39,5.7
2026-05-07,3,Block_15,480,104.09,4.8
2026-05-07,4,Block_1,372,128.71,3.43
2026-05-07,4,Block_2,360,80.64,6.0
2026-05-07,4,Block_3,209,30.0,2.08
2026-05-07,4,Block_4,284,40.64,4.42
2026-05-07,4,Block_5,284,64.01,3.93
2026-05-07,4,Block_6,206,53.63,4.58
2026-05-07,4,Block_7,432,95.21,7.97
2026-05-07,4,Block_8,231,40.28,6.84
2026-05-07,4,Block_9,410,77.09,4.01
2026-05-07,4,Block_10,345,77.98,3.86
2026-05-07,4,Block_11,286,84.15,4.89
2026-05-07,4,Block_12,290,73.38,3.51
2026-05-07,4,Block_13,403,78.25,2.93
2026-05-07,4,Block_14,483,51.91,1.64
2026-05-07,4,Block_15,429,101.49,2.5
2026-05-07,5,Block_1,223,330.9,5.09
2026-05-07,5,Block_2,460,382.52,4.14
2026-05-07,5,Block_3,445,396.57,7.16
2026-05-07,5,Block_4,454,343.58,1.25
2026-05-07,5,Block_5,345,256.77,2.2
2026-05-07,5,Block_6,202,395.22,1.18
2026-05-07,5,Block_7,314,332.05,2.19
2026-05-07,5,Block_8,253,273.82,5.16
2026-05-07,5,Block_9,199,314.52,7.99
2026-05-07,5,Block_10,485,280.44,5.1
2026-05-07,5,Block_11,218,344.84,2.32
2026-05-07,5,Block_12,349,341.82,5.61
2026-05-07,5,Block_13,415,324.74,7.39
2026-05-07,5,Block_14,406,349.99,4.22
2026-05-07,5,Block_15,393,321.57,6.24
2026-05-07,6,Block_1,371,343.03,4.52
2026-05-07,6,Block_2,239,351.15,6.02
2026-05-07,6,Block_3,296,320.12,6.2
2026-05-07,6,Block_4,404,378.04,7.6
2026-05-07,6,Block_5,191,398.75,5.36
2026-05-07,6,Block_6,192,449.88,2.07
2026-05-07,6,Block_7,435,267.41,4.57
2026-05-07,6,Block_8,187,271.34,3.98
2026-05-07,6,Block_9,470,347.33,3.93
2026-05-07,6,Block_10,499,362.06,5.32
2026-05-07,6,Block_11,246,433.22,7.52
2026-05-07,6,Block_12,463,457.96,7.7
2026-05-07,6,Block_13,281,315.17,3.29
2026-05-07,6,Block_14,401,266.51,5.7
2026-05-07,6,Block_15,338,349.45,7.29
2026-05-07,7,Block_1,344,240.68,1.89
2026-05-07,7,Block_2,226,302.84,2.78
2026-05-07,7,Block_3,371,227.97,7.63
2026-05-07,7,Block_4,323,316.67,7.82
2026-05-07,7,Block_5,401,406.52,7.01
2026-05-07,7,Block_6,232,253.23,5.61
2026-05-07,7,Block_7,285,417.21,6.13
2026-05-07,7,Block_8,406,310.65,5.68
2026-05-07,7,Block_9,199,414.66,3.82
2026-05-07,7,Block_10,290,452.32,4.39
2026-05-07,7,Block_11,411,408.93,3.37
2026-05-07,7,Block_12,229,335.4,4.87
2026-05-07,7,Block_13,312,282.25,4.65
2026-05-07,7,Block_14,387,305.11,2.42
2026-05-07,7,Block_15,351,320.73,5.58
2026-05-07,8,Block_1,455,313.16,5.1
2026-05-07,8,Block_2,203,406.65,7.95
2026-05-07,8,Block_3,395,353.64,1.51
2026-05-07,8,Block_4,224,295.05,4.74
2026-05-07,8,Block_5,363,315.82,6.04
2026-05-07,8,Block_6,283,352.36,7.44
2026-05-07,8,Block_7,348,289.4,5.01
2026-05-07,8,Block_8,373,285.78,1.13
2026-05-07,8,Block_9,184,379.92,7.53
2026-05-07,8,Block_10,445,436.88,7.44
2026-05-07,8,Block_11,192,331.26,1.2
2026-05-07,8,Block_12,298,334.09,3.94
2026-05-07,8,Block_13,399,408.63,1.73
2026-05-07,8,Block_14,411,269.5,6.49
2026-05-07,8,Block_15,193,290.52,6.83
2026-05-07,9,Block_1,354,378.05,1.69
2026-05-07,9,Block_2,429,318.46,1.79
2026-05-07,9,Block_3,320,330.57,6.72
2026-05-07,9,Block_4,468,316.36,7.4
2026-05-07,9,Block_5,409,382.44,1.43
2026-05-07,9,Block_6,439,407.38,1.7
2026-05-07,9,Block_7,235,333.45,4.46
2026-05-07,9,Block_8,188,324.73,4.52
2026-05-07,9,Block_9,320,385.27,3.37
2026-05-07,9,Block_10,263,402.56,3.54
2026-05-07,9,Block_11,315,279.83,1.78
2026-05-07,9,Block_12,229,283.76,6.13
2026-05-07,9,Block_13,283,383.51,6.81
2026-05-07,9,Block_14,396,359.85,7.82
2026-05-07,9,Block_15,419,434.2,7.03
2026-05-07,10,Block_1,472,214.09,5.57
2026-05-07,10,Block_2,321,206.37,2.15
2026-05-07,10,Block_3,305,114.72,7.86
2026-05-07,10,Block_4,473,171.36,5.27
2026-05-07,10,Block_5,443,127.57,7.25
2026-05-07,10,Block_6,201,157.35,6.67
2026-05-07,10,Block_7,312,214.22,7.52
2026-05-07,10,Block_8,459,150.55,6.33
2026-05-07,10,Block_9,247,127.37,1.19
2026-05-07,10,Block_10,431,212.21,2.34
2026-05-07,10,Block_11,380,244.91,5.58
2026-05-07,10,Block_12,247,253.95,5.18
2026-05-07,10,Block_13,489,216.11,1.56
2026-05-07,10,Block_14,431,177.39,6.04
2026-05-07,10,Block_15,380,242.01,5.54
2026-05-07,11,Block_1,257,172.2,6.85
2026-05-07,11,Block_2,485,257.36,4.59
2026-05-07,11,Block_3,311,170.7,4.34
2026-05-07,11,Block_4,498,136.06,4.6
2026-05-07,11,Block_5,300,197.31,6.97
2026-05-07,11,Block_6,196,166.25,4.72
2026-05-07,11,Block_7,394,181.43,6.32
2026-05-07,11,Block_8,385,251.86,4.21
2026-05-07,11,Block_9,289,129.95,3.05
2026-05-07,11,Block_10,230,151.19,1.79
2026-05-07,11,Block_11,405,177.58,4.95
2026-05-07,11,Block_12,442,188.37,1.88
2026-05-07,11,Block_13,199,148.78,4.64
2026-05-07,11,Block_14,425,152.19,6.92
2026-05-07,11,Block_15,328,140.74,7.83
2026-05-07,12,Block_1,489,139.6,3.78
2026-05-07,12,Block_2,443,154.83,6.73
2026-05-07,12,Block_3,421,236.41,6.88
2026-05-07,12,Block_4,225,177.65,2.41
2026-05-07,12,Block_5,232,175.48,6.68
2026-05-07,12,Block_6,373,240.84,2.93
2026-05-07,12,Block_7,482,218.32,3.55
2026-05-07,12,Block_8,499,218.27,6.85
2026-05-07,12,Block_9,447,135.47,6.34
2026-05-07,12,Block_10,275,219.21,6.56
2026-05-07,12,Block_11,493,186.19,6.14
2026-05-07,12,Block_12,422,222.13,5.29
2026-05-07,12,Block_13,303,284.96,1.5
2026-05-07,12,Block_14,295,227.72,3.02
2026-05-07,12,Block_15,329,274.49,3.65
2026-05-07,13,Block_1,346,225.19,6.01
2026-05-07,13,Block_2,181,182.89,7.51
2026-05-07,13,Block_3,288,267.25,2.86
2026-05-07,13,Block_4,447,172.38,4.78
2026-05-07,13,Block_5,241,158.13,3.81
2026-05-07,13,Block_6,287,146.92,2.75
2026-05-07,13,Block_7,317,91.47,5.09
2026-05-07,13,Block_8,427,213.6,7.57
2026-05-07,13,Block_9,317,138.26,6.44
2026-05-07,13,Block_10,350,211.73,5.63
2026-05-07,13,Block_11,239,182.58,4.74
2026-05-07,13,Block_12,248,233.73,1.22
2026-05-07,13,Block_13,408,192.34,3.86
2026-05-07,13,Block_14,415,194.74,5.44
2026-05-07,13,Block_15,304,216.01,7.53
2026-05-07,14,Block_1,396,140.17,5.62
2026-05-07,14,Block_2,385,134.12,3.58
2026-05-07,14,Block_3,272,175.87,2.94
2026-05-07,14,Block_4,488,237.71,2.86
2026-05-07,14,Block_5,207,170.42,6.39
2026-05-07,14,Block_6,315,202.96,1.06
2026-05-07,14,Block_7,372,114.09,2.34
2026-05-07,14,Block_8,316,144.75,6.05
2026-05-07,14,Block_9,192,248.38,1.0
2026-05-07,14,Block_10,322,250.4,4.1
2026-05-07,14,Block_11,385,231.04,7.53
2026-05-07,14,Block_12,265,228.75,6.54
2026-05-07,14,Block_13,189,185.06,7.59
2026-05-07,14,Block_14,291,137.87,3.23
2026-05-07,14,Block_15,347,164.71,6.53
2026-05-07,15,Block_1,384,196.04,2.86
2026-05-07,15,Block_2,190,159.73,7.23
2026-05-07,15,Block_3,438,210.92,1.86
2026-05-07,15,Block_4,313,209.33,5.38
2026-05-07,15,Block_5,192,225.8,6.89
2026-05-07,15,Block_6,393,159.87,1.97
2026-05-07,15,Block_7,289,213.02,2.88
2026-05-07,15,Block_8,411,145.97,3.81
2026-05-07,15,Block_9,294,156.47,6.3
2026-05-07,15,Block_10,262,139.24,7.93
2026-05-07,15,Block_11,438,116.81,3.32
2026-05-07,15,Block_12,307,250.11,6.5
2026-05-07,15,Block_13,229,134.62,3.17
2026-05-07,15,Block_14,195,169.44,3.67
2026-05-07,15,Block_15,427,191.87,2.95
2026-05-07,16,Block_1,217,197.53,6.78
2026-05-07,16,Block_2,223,143.23,4.27
2026-05-07,16,Block_3,416,282.39,7.78
2026-05-07,16,Block_4,248,176.06,7.13
2026-05-07,16,Block_5,483,169.69,1.62
2026-05-07,16,Block_6,369,195.3,1.97
2026-05-07,16,Block_7,457,119.11,2.15
2026-05-07,16,Block_8,275,140.63,5.96
2026-05-07,16,Block_9,359,190.9,5.22
2026-05-07,16,Block_10,206,126.27,2.75
2026-05-07,16,Block_11,451,184.43,5.31
2026-05-07,16,Block_12,249,194.26,6.91
2026-05-07,16,Block_13,321,145.69,7.33
2026-05-07,16,Block_14,464,131.78,1.96
2026-05-07,16,Block_15,296,194.2,5.13
2026-05-07,17,Block_1,268,301.01,4.3
2026-05-07,17,Block_2,397,368.84,2.76
2026-05-07,17,Block_3,360,281.17,3.77
2026-05-07,17,Block_4,397,258.86,2.6
2026-05-07,17,Block_5,366,289.56,2.14
2026-05-07,17,Block_6,429,252.66,5.81
2026-05-07,17,Block_7,331,258.56,1.35
2026-05-07,17,Block_8,245,286.63,6.64
2026-05-07,17,Block_9,218,422.31,2.34
2026-05-07,17,Block_10,283,327.8,7.12
2026-05-07,17,Block_11,289,258.32,7.46
2026-05-07,17,Block_12,498,332.43,1.08
2026-05-07,17,Block_13,378,249.7,4.74
2026-05-07,17,Block_14,379,201.4,6.69
2026-05-07,17,Block_15,266,345.2,1.66
2026-05-07,18,Block_1,428,300.48,6.35
2026-05-07,18,Block_2,355,372.3,3.77
2026-05-07,18,Block_3,270,216.76,6.89
2026-05-07,18,Block_4,409,303.61,1.61
2026-05-07,18,Block_5,199,271.37,6.28
2026-05-07,18,Block_6,182,212.23,6.39
2026-05-07,18,Block_7,313,314.82,4.62
2026-05-07,18,Block_8,211,361.76,3.81
2026-05-07,18,Block_9,204,392.52,6.44
2026-05-07,18,Block_10,455,267.32,6.8
2026-05-07,18,Block_11,236,424.68,5.63
2026-05-07,18,Block_12,483,350.43,4.19
2026-05-07,18,Block_13,370,215.67,2.66
2026-05-07,18,Block_14,223,219.49,7.79
2026-05-07,18,Block_15,421,362.21,3.26
2026-05-07,19,Block_1,393,348.99,2.02
2026-05-07,19,Block_2,299,296.22,7.02
2026-05-07,19,Block_3,398,211.96,5.64
2026-05-07,19,Block_4,413,210.36,5.63
2026-05-07,19,Block_5,311,270.56,2.81
2026-05-07,19,Block_6,294,264.87,6.05
2026-05-07,19,Block_7,201,224.7,6.08
2026-05-07,19,Block_8,409,243.46,5.16
2026-05-07,19,Block_9,444,317.05,3.62
2026-05-07,19,Block_10,354,332.33,5.7
2026-05-07,19,Block_11,417,335.57,2.3
2026-05-07,19,Block_12,488,222.95,3.54
2026-05-07,19,Block_13,480,288.04,2.25
2026-05-07,19,Block_14,474,394.69,2.47
2026-05-07,19,Block_15,430,371.2,6.15
2026-05-07,20,Block_1,191,315.87,4.82
2026-05-07,20,Block_2,256,392.62,1.99
2026-05-07,20,Block_3,388,298.32,5.37
2026-05-07,20,Block_4,295,239.71,3.26
2026-05-07,20,Block_5,226,380.1,7.57
2026-05-07,20,Block_6,256,315.4,7.24
2026-05-07,20,Block_7,181,371.28,7.92
2026-05-07,20,Block_8,254,265.78,3.93
2026-05-07,20,Block_9,254,309.0,5.44
2026-05-07,20,Block_10,399,345.43,4.28
2026-05-07,20,Block_11,394,377.45,3.91
2026-05-07,20,Block_12,226,234.18,5.93
2026-05-07,20,Block_13,465,379.6,7.53
2026-05-07,20,Block_14,285,287.24,5.88
2026-05-07,20,Block_15,493,308.17,6.83
2026-05-07,21,Block_1,270,358.65,3.38
2026-05-07,21,Block_2,347,267.21,4.43
2026-05-07,21,Block_3,437,266.28,2.45
2026-05-07,21,Block_4,451,375.24,3.47
2026-05-07,21,Block_5,189,258.81,2.1
2026-05-07,21,Block_6,264,275.82,3.84
2026-05-07,21,Block_7,267,256.22,4.58
2026-05-07,21,Block_8,457,273.64,6.37
2026-05-07,21,Block_9,453,264.5,3.78
2026-05-07,21,Block_10,465,304.73,4.48
2026-05-07,21,Block_11,255,345.25,1.13
2026-05-07,21,Block_12,459,260.49,2.2
2026-05-07,21,Block_13,485,344.6,1.16
2026-05-07,21,Block_14,301,268.94,2.07
2026-05-07,21,Block_15,286,269.77,7.8
2026-05-07,22,Block_1,241,348.1,3.03
2026-05-07,22,Block_2,355,322.56,7.42
2026-05-07,22,Block_3,342,320.28,6.62
2026-05-07,22,Block_4,352,278.87,7.7
2026-05-07,22,Block_5,280,293.14,5.82
2026-05-07,22,Block_6,438,280.97,7.43
2026-05-07,22,Block_7,357,400.48,6.54
2026-05-07,22,Block_8,441,370.03,2.14
2026-05-07,22,Block_9,214,311.74,4.72
2026-05-07,22,Block_10,255,249.88,2.75
2026-05-07,22,Block_11,296,244.76,7.45
2026-05-07,22,Block_12,185,253.04,4.92
2026-05-07,22,Block_13,215,307.24,2.84
2026-05-07,22,Block_14,262,292.62,3.72
2026-05-07,22,Block_15,200,245.85,3.97
2026-05-07,23,Block_1,250,123.04,4.34
2026-05-07,23,Block_2,458,166.68,6.05
2026-05-07,23,Block_3,269,227.6,2.92
2026-05-07,23,Block_4,193,175.92,5.62
2026-05-07,23,Block_5,358,107.16,2.62
2026-05-07,23,Block_6,414,158.03,3.81
2026-05-07,23,Block_7,231,223.31,5.7
2026-05-07,23,Block_8,225,205.0,7.59
2026-05-07,23,Block_9,265,159.43,7.02
2026-05-07,23,Block_10,283,239.57,2.03
2026-05-07,23,Block_11,215,169.68,1.52
2026-05-07,23,Block_12,479,179.95,6.39
2026-05-07,23,Block_13,289,117.67,2.14
2026-05-07,23,Block_14,492,204.51,5.03
2026-05-07,23,Block_15,182,172.35,6.89
